Workbook

Sheet OverallResult
A1: BANGALORE INSTITUTE OF TECHNOLOGY
A2: (Affiliated to Visvesvaraya Technological University, Belagavi, Recognised by AICTE, New Delhi) K.R. Road, V.V. Pura, Bengaluru – 560 004. Phone: 26613237/26615865 Fax: 22426796
A3: Provisional Results of Second Semester 2022 Batch Examination for the Academic year 2023-24 (Sep/Oct 2023)
A4: Department of CSE-Data Science
D6: Mathematics for CSE Stream -II (BMATS201) | N6: Chemistry for CSE Stream (BCHES202) | W6: Computer-Aided Engineering Drawing (BCEDK203) | AF6: Introduction to Electronics Communication (BESCK204C) | AO6: Introduction to Python Programming (BPLCK205B) | AX6: Professional Writing Skills in English (BPWSK206) | BG6: Samskrutika Kannada / Balake Kannada (BKSKK207 / BKBKK207) | BP6: Scientific Foundations of Health (BSFHK2058)
A7: Sl.No | B7: USN | C7: Student Name | D7: Section | E7: IN | F7: EX | G7: RV | H7: T | I7: CR | J7: GP | K7: GR | L7: CR*GP | N7: IN | O7: EX | P7: RV | Q7: T | R7: CR | S7: GP | T7: GR | U7: CR*GP | W7: IA | X7: EX | Y7: RV | Z7: T | AA7: CR | AB7: GP | AC7: GR | AD7: CR*GP | AF7: IA | AG7: EX | AH7: RV | AI7: T | AJ7: CR | AK7: GP | AL7: GR | AM7: CR*GP | AO7: IA | AP7: EX | AQ7: RV | AR7: T | AS7: CR | AT7: GP | AU7: GR | AV7: CR*GP | AX7: IA | AY7: EX | AZ7: RV | BA7: T | BB7: CR | BC7: GP | BD7: GR | BE7: CR*GP | BG7: IA | BH7: EX | BI7: RV | BJ7: T | BK7: CR | BL7: GP | BM7: GR | BN7: CR*GP | BP7: IA | BQ7: EX | BR7: RV | BS7: T | BT7: CR | BU7: GP | BV7: GR | BW7: CR*GP | CA7: SGPA | CB7: Final Grade | CC7: Percentage | CE7: Total Marks | CF7: Percentage
A8: 1 | B8: 1BI23CD001 | C8: ALTAF MAKASHI | D8: D | E8: 45 | F8: 35 | H8: =SUM(E8:F8) -> 80 | I8: 4 | J8: =IF(F8<=17,"0",IF(H8<=39,"0",IF(H8<=49,"4",IF(H8<=54,"5",IF(H8<=59,"6",IF(H8<=69,"7",IF(H8<=79,"8",IF(H8<=89,"9","10")))))))) -> 9 | K8: =IF(F8<=17,"F",IF(H8<=39,"F",IF(H8<=49,"P",IF(H8<=54,"C",IF(H8<=59,"B",IF(H8<=69,"B+",IF(H8<=79,"A",IF(H8<=89,"A+","O")))))))) -> A+ | L8: =I8*J8 -> 36 | Q8: =SUM(N8:O8) -> 0 | R8: 4 | S8: =IF(O8<=17,"0",IF(Q8<=39,"4",IF(Q8<=49,"4",IF(Q8<=54,"5",IF(Q8<=59,"6",IF(Q8<=69,"7",IF(Q8<=79,"8",IF(Q8<=89,"9","10")))))))) -> 0 | T8: =IF(O8<=17,"F",IF(Q8<=39,"F",IF(Q8<=49,"P",IF(Q8<=54,"C",IF(Q8<=59,"B",IF(Q8<=69,"B+",IF(Q8<=79,"A",IF(Q8<=89,"A+","O")))))))) -> F | U8: =R8*S8 -> 0 | Z8: =SUM(W8:X8) -> 0 | AA8: 3 | AB8: =IF(X8<=17,"0",IF(Z8<=39,"0",IF(Z8<=49,"4",IF(Z8<=54,"5",IF(Z8<=59,"6",IF(Z8<=69,"7",IF(Z8<=79,"8",IF(Z8<=89,"9","10")))))))) -> 0 | AC8: =IF(X8<=17,"F",IF(Z8<=39,"F",IF(Z8<=49,"P",IF(Z8<=54,"C",IF(Z8<=59,"B",IF(Z8<=69,"B+",IF(Z8<=79,"A",IF(Z8<=89,"A+","O")))))))) -> F | AD8: =AA8*AB8 -> 0 | AI8: =SUM(AF8:AG8) -> 0 | AJ8: 3 | AK8: =IF(AG8<=17,"0",IF(AI8<=39,"0",IF(AI8<=49,"4",IF(AI8<=54,"5",IF(AI8<=59,"6",IF(AI8<=69,"7",IF(AI8<=79,"8",IF(AI8<=89,"9","10")))))))) -> 0 | AL8: =IF(AG8<=17,"F",IF(AI8<=39,"F",IF(AI8<=49,"P",IF(AI8<=54,"C",IF(AI8<=59,"B",IF(AI8<=69,"B+",IF(AI8<=79,"A",IF(AI8<=89,"A+","O")))))))) -> F | AM8: =AJ8*AK8 -> 0 | AR8: =(AO8+AP8) -> 0 | AS8: 3 | AT8: =IF(AP8<=17,"0",IF(AR8<=39,"0",IF(AR8<=49,"4",IF(AR8<=54,"5",IF(AR8<=59,"6",IF(AR8<=69,"7",IF(AR8<=79,"8",IF(AR8<=89,"9","10")))))))) -> 0 | AU8: =IF(AP8<=17,"F",IF(AR8<=39,"F",IF(AR8<=49,"P",IF(AR8<=54,"C",IF(AR8<=59,"B",IF(AR8<=69,"B+",IF(AR8<=79,"A",IF(AR8<=89,"A+","O")))))))) -> F | AV8: =AS8*AT8 -> 0 | BA8: =(AX8+AY8) -> 0 | BB8: 1 | BC8: =IF(AY8<=17,"0",IF(BA8<=39,"0",IF(BA8<=49,"4",IF(BA8<=54,"5",IF(BA8<=59,"6",IF(BA8<=69,"7",IF(BA8<=79,"8",IF(BA8<=89,"9","10")))))))) -> 0 | BD8: =IF(AY8<=17,"F",IF(BA8<=39,"F",IF(BA8<=49,"P",IF(BA8<=54,"C",IF(BA8<=59,"B",IF(BA8<=69,"B+",IF(BA8<=79,"A",IF(BA8<=89,"A+","O")))))))) -> F | BE8: =BB8*BC8 -> 0 | BF8: Balake Kannada | BJ8: =(BG8+BH8) -> 0 | BK8: 1 | BL8: =IF(BH8<=17,"0",IF(BJ8<=39,"0",IF(BJ8<=49,"4",IF(BJ8<=54,"5",IF(BJ8<=59,"6",IF(BJ8<=69,"7",IF(BJ8<=79,"8",IF(BJ8<=89,"9","10")))))))) -> 0 | BM8: =IF(BH8<=17,"F",IF(BJ8<=39,"F",IF(BJ8<=49,"P",IF(BJ8<=54,"C",IF(BJ8<=59,"B",IF(BJ8<=69,"B+",IF(BJ8<=79,"A",IF(BJ8<=89,"A+","O")))))))) -> F | BN8: =BK8*BL8 -> 0 | BS8: =(BP8+BQ8) -> 0 | BT8: 1 | BU8: =IF(BQ8<=17,"0",IF(BS8<=39,"0",IF(BS8<=49,"4",IF(BS8<=54,"5",IF(BS8<=59,"6",IF(BS8<=69,"7",IF(BS8<=79,"8",IF(BS8<=89,"9","10")))))))) -> 0 | BV8: =IF(BQ8<=17,"F",IF(BS8<=39,"F",IF(BS8<=49,"P",IF(BS8<=54,"C",IF(BS8<=59,"B",IF(BS8<=69,"B+",IF(BS8<=79,"A",IF(BS8<=89,"A+","O")))))))) -> F | BW8: =BT8*BU8 -> 0 | BZ8: =L8+U8+AD8+AM8+AV8+BE8+BN8+BW8 -> 36 | CA8: =BZ8/20 -> 1.8 | CB8: =IF(CA8<4,"F",IF(BV8="F","F",IF(BM8="F","F",IF(BD8="F","F",IF(AU8="F","F",IF(AL8="F","F",IF(AC8="F","F",IF(T8="F","F",IF(K8="F","F",IF(CA8<=5,"C",IF(CA8<6,"B",IF(CA8<7,"B+",IF(CA8<8,"A",IF(CA8<=9,"A+","O")))))))))))))) -> F | CC8: =CA8*9.5 -> 17.1 | CE8: =SUM(BS8,BJ8,BA8,AR8,AI8,Z8,Q8,H8) -> 80 | CF8: =(CE8/800)*100 -> 10 | CI8: =IF(CA8<=4,"F",IF(CA8<=6,"PASS",IF(CA8<=6.5,"SC",IF(CA8<=7.5,"FC",IF(CA8<="10","FCD"))))) -> F
A9: =A8+1 -> 2 | B9: 1BI23CD002 | C9: ANJALI M | D9: D | H9: =SUM(E9:F9) -> 0 | I9: 4 | J9: =IF(F9<=17,"0",IF(H9<=39,"0",IF(H9<=49,"4",IF(H9<=54,"5",IF(H9<=59,"6",IF(H9<=69,"7",IF(H9<=79,"8",IF(H9<=89,"9","10")))))))) -> 0 | K9: =IF(F9<=17,"F",IF(H9<=39,"F",IF(H9<=49,"P",IF(H9<=54,"C",IF(H9<=59,"B",IF(H9<=69,"B+",IF(H9<=79,"A",IF(H9<=89,"A+","O")))))))) -> F | L9: =I9*J9 -> 0 | Q9: =SUM(N9:O9) -> 0 | R9: 4 | S9: =IF(O9<=17,"0",IF(Q9<=39,"4",IF(Q9<=49,"4",IF(Q9<=54,"5",IF(Q9<=59,"6",IF(Q9<=69,"7",IF(Q9<=79,"8",IF(Q9<=89,"9","10")))))))) -> 0 | T9: =IF(O9<=17,"F",IF(Q9<=39,"F",IF(Q9<=49,"P",IF(Q9<=54,"C",IF(Q9<=59,"B",IF(Q9<=69,"B+",IF(Q9<=79,"A",IF(Q9<=89,"A+","O")))))))) -> F | U9: =R9*S9 -> 0 | Z9: =SUM(W9:X9) -> 0 | AA9: 3 | AB9: =IF(X9<=17,"0",IF(Z9<=39,"0",IF(Z9<=49,"4",IF(Z9<=54,"5",IF(Z9<=59,"6",IF(Z9<=69,"7",IF(Z9<=79,"8",IF(Z9<=89,"9","10")))))))) -> 0 | AC9: =IF(X9<=17,"F",IF(Z9<=39,"F",IF(Z9<=49,"P",IF(Z9<=54,"C",IF(Z9<=59,"B",IF(Z9<=69,"B+",IF(Z9<=79,"A",IF(Z9<=89,"A+","O")))))))) -> F | AD9: =AA9*AB9 -> 0 | AI9: =SUM(AF9:AG9) -> 0 | AJ9: 3 | AK9: =IF(AG9<=17,"0",IF(AI9<=39,"0",IF(AI9<=49,"4",IF(AI9<=54,"5",IF(AI9<=59,"6",IF(AI9<=69,"7",IF(AI9<=79,"8",IF(AI9<=89,"9","10")))))))) -> 0 | AL9: =IF(AG9<=17,"F",IF(AI9<=39,"F",IF(AI9<=49,"P",IF(AI9<=54,"C",IF(AI9<=59,"B",IF(AI9<=69,"B+",IF(AI9<=79,"A",IF(AI9<=89,"A+","O")))))))) -> F | AM9: =AJ9*AK9 -> 0 | AR9: =(AO9+AP9) -> 0 | AS9: 3 | AT9: =IF(AP9<=17,"0",IF(AR9<=39,"0",IF(AR9<=49,"4",IF(AR9<=54,"5",IF(AR9<=59,"6",IF(AR9<=69,"7",IF(AR9<=79,"8",IF(AR9<=89,"9","10")))))))) -> 0 | AU9: =IF(AP9<=17,"F",IF(AR9<=39,"F",IF(AR9<=49,"P",IF(AR9<=54,"C",IF(AR9<=59,"B",IF(AR9<=69,"B+",IF(AR9<=79,"A",IF(AR9<=89,"A+","O")))))))) -> F | AV9: =AS9*AT9 -> 0 | BA9: =(AX9+AY9) -> 0 | BB9: 1 | BC9: =IF(AY9<=17,"0",IF(BA9<=39,"0",IF(BA9<=49,"4",IF(BA9<=54,"5",IF(BA9<=59,"6",IF(BA9<=69,"7",IF(BA9<=79,"8",IF(BA9<=89,"9","10")))))))) -> 0 | BD9: =IF(AY9<=17,"F",IF(BA9<=39,"F",IF(BA9<=49,"P",IF(BA9<=54,"C",IF(BA9<=59,"B",IF(BA9<=69,"B+",IF(BA9<=79,"A",IF(BA9<=89,"A+","O")))))))) -> F | BE9: =BB9*BC9 -> 0 | BF9: Samskrutika Kannada | BJ9: =(BG9+BH9) -> 0 | BK9: 1 | BL9: =IF(BH9<=17,"0",IF(BJ9<=39,"0",IF(BJ9<=49,"4",IF(BJ9<=54,"5",IF(BJ9<=59,"6",IF(BJ9<=69,"7",IF(BJ9<=79,"8",IF(BJ9<=89,"9","10")))))))) -> 0 | BM9: =IF(BH9<=17,"F",IF(BJ9<=39,"F",IF(BJ9<=49,"P",IF(BJ9<=54,"C",IF(BJ9<=59,"B",IF(BJ9<=69,"B+",IF(BJ9<=79,"A",IF(BJ9<=89,"A+","O")))))))) -> F | BN9: =BK9*BL9 -> 0 | BS9: =(BP9+BQ9) -> 0 | BT9: 1 | BU9: =IF(BQ9<=17,"0",IF(BS9<=39,"0",IF(BS9<=49,"4",IF(BS9<=54,"5",IF(BS9<=59,"6",IF(BS9<=69,"7",IF(BS9<=79,"8",IF(BS9<=89,"9","10")))))))) -> 0 | BV9: =IF(BQ9<=17,"F",IF(BS9<=39,"F",IF(BS9<=49,"P",IF(BS9<=54,"C",IF(BS9<=59,"B",IF(BS9<=69,"B+",IF(BS9<=79,"A",IF(BS9<=89,"A+","O")))))))) -> F | BW9: =BT9*BU9 -> 0 | BZ9: =L9+U9+AD9+AM9+AV9+BE9+BN9+BW9 -> 0 | CA9: =BZ9/20 -> 0 | CB9: =IF(CA9<4,"F",IF(BV9="F","F",IF(BM9="F","F",IF(BD9="F","F",IF(AU9="F","F",IF(AL9="F","F",IF(AC9="F","F",IF(T9="F","F",IF(K9="F","F",IF(CA9<=5,"C",IF(CA9<6,"B",IF(CA9<7,"B+",IF(CA9<8,"A",IF(CA9<=9,"A+","O")))))))))))))) -> F | CC9: =CA9*9.5 -> 0 | CE9: =SUM(BS9,BJ9,BA9,AR9,AI9,Z9,Q9,H9) -> 0 | CF9: =(CE9/800)*100 -> 0 | CI9: =IF(CA9<=4,"F",IF(CA9<=6,"PASS",IF(CA9<=6.5,"SC",IF(CA9<=7.5,"FC",IF(CA9<="10","FCD"))))) -> F
A10: =A9+1 -> 3 | B10: 1BI23CD003 | C10: ANKIT KUMAR | D10: D | H10: =SUM(E10:F10) -> 0 | I10: 4 | J10: =IF(F10<=17,"0",IF(H10<=39,"0",IF(H10<=49,"4",IF(H10<=54,"5",IF(H10<=59,"6",IF(H10<=69,"7",IF(H10<=79,"8",IF(H10<=89,"9","10")))))))) -> 0 | K10: =IF(F10<=17,"F",IF(H10<=39,"F",IF(H10<=49,"P",IF(H10<=54,"C",IF(H10<=59,"B",IF(H10<=69,"B+",IF(H10<=79,"A",IF(H10<=89,"A+","O")))))))) -> F | L10: =I10*J10 -> 0 | Q10: =SUM(N10:O10) -> 0 | R10: 4 | S10: =IF(O10<=17,"0",IF(Q10<=39,"4",IF(Q10<=49,"4",IF(Q10<=54,"5",IF(Q10<=59,"6",IF(Q10<=69,"7",IF(Q10<=79,"8",IF(Q10<=89,"9","10")))))))) -> 0 | T10: =IF(O10<=17,"F",IF(Q10<=39,"F",IF(Q10<=49,"P",IF(Q10<=54,"C",IF(Q10<=59,"B",IF(Q10<=69,"B+",IF(Q10<=79,"A",IF(Q10<=89,"A+","O")))))))) -> F | U10: =R10*S10 -> 0 | Z10: =SUM(W10:X10) -> 0 | AA10: 3 | AB10: =IF(X10<=17,"0",IF(Z10<=39,"0",IF(Z10<=49,"4",IF(Z10<=54,"5",IF(Z10<=59,"6",IF(Z10<=69,"7",IF(Z10<=79,"8",IF(Z10<=89,"9","10")))))))) -> 0 | AC10: =IF(X10<=17,"F",IF(Z10<=39,"F",IF(Z10<=49,"P",IF(Z10<=54,"C",IF(Z10<=59,"B",IF(Z10<=69,"B+",IF(Z10<=79,"A",IF(Z10<=89,"A+","O")))))))) -> F | AD10: =AA10*AB10 -> 0 | AI10: =SUM(AF10:AG10) -> 0 | AJ10: 3 | AK10: =IF(AG10<=17,"0",IF(AI10<=39,"0",IF(AI10<=49,"4",IF(AI10<=54,"5",IF(AI10<=59,"6",IF(AI10<=69,"7",IF(AI10<=79,"8",IF(AI10<=89,"9","10")))))))) -> 0 | AL10: =IF(AG10<=17,"F",IF(AI10<=39,"F",IF(AI10<=49,"P",IF(AI10<=54,"C",IF(AI10<=59,"B",IF(AI10<=69,"B+",IF(AI10<=79,"A",IF(AI10<=89,"A+","O")))))))) -> F | AM10: =AJ10*AK10 -> 0 | AR10: =(AO10+AP10) -> 0 | AS10: 3 | AT10: =IF(AP10<=17,"0",IF(AR10<=39,"0",IF(AR10<=49,"4",IF(AR10<=54,"5",IF(AR10<=59,"6",IF(AR10<=69,"7",IF(AR10<=79,"8",IF(AR10<=89,"9","10")))))))) -> 0 | AU10: =IF(AP10<=17,"F",IF(AR10<=39,"F",IF(AR10<=49,"P",IF(AR10<=54,"C",IF(AR10<=59,"B",IF(AR10<=69,"B+",IF(AR10<=79,"A",IF(AR10<=89,"A+","O")))))))) -> F | AV10: =AS10*AT10 -> 0 | BA10: =(AX10+AY10) -> 0 | BB10: 1 | BC10: =IF(AY10<=17,"0",IF(BA10<=39,"0",IF(BA10<=49,"4",IF(BA10<=54,"5",IF(BA10<=59,"6",IF(BA10<=69,"7",IF(BA10<=79,"8",IF(BA10<=89,"9","10")))))))) -> 0 | BD10: =IF(AY10<=17,"F",IF(BA10<=39,"F",IF(BA10<=49,"P",IF(BA10<=54,"C",IF(BA10<=59,"B",IF(BA10<=69,"B+",IF(BA10<=79,"A",IF(BA10<=89,"A+","O")))))))) -> F | BE10: =BB10*BC10 -> 0 | BF10: Balake Kannada | BJ10: =(BG10+BH10) -> 0 | BK10: 1 | BL10: =IF(BH10<=17,"0",IF(BJ10<=39,"0",IF(BJ10<=49,"4",IF(BJ10<=54,"5",IF(BJ10<=59,"6",IF(BJ10<=69,"7",IF(BJ10<=79,"8",IF(BJ10<=89,"9","10")))))))) -> 0 | BM10: =IF(BH10<=17,"F",IF(BJ10<=39,"F",IF(BJ10<=49,"P",IF(BJ10<=54,"C",IF(BJ10<=59,"B",IF(BJ10<=69,"B+",IF(BJ10<=79,"A",IF(BJ10<=89,"A+","O")))))))) -> F | BN10: =BK10*BL10 -> 0 | BS10: =(BP10+BQ10) -> 0 | BT10: 1 | BU10: =IF(BQ10<=17,"0",IF(BS10<=39,"0",IF(BS10<=49,"4",IF(BS10<=54,"5",IF(BS10<=59,"6",IF(BS10<=69,"7",IF(BS10<=79,"8",IF(BS10<=89,"9","10")))))))) -> 0 | BV10: =IF(BQ10<=17,"F",IF(BS10<=39,"F",IF(BS10<=49,"P",IF(BS10<=54,"C",IF(BS10<=59,"B",IF(BS10<=69,"B+",IF(BS10<=79,"A",IF(BS10<=89,"A+","O")))))))) -> F | BW10: =BT10*BU10 -> 0 | BZ10: =L10+U10+AD10+AM10+AV10+BE10+BN10+BW10 -> 0 | CA10: =BZ10/20 -> 0 | CB10: =IF(CA10<4,"F",IF(BV10="F","F",IF(BM10="F","F",IF(BD10="F","F",IF(AU10="F","F",IF(AL10="F","F",IF(AC10="F","F",IF(T10="F","F",IF(K10="F","F",IF(CA10<=5,"C",IF(CA10<6,"B",IF(CA10<7,"B+",IF(CA10<8,"A",IF(CA10<=9,"A+","O")))))))))))))) -> F | CC10: =CA10*9.5 -> 0 | CE10: =SUM(BS10,BJ10,BA10,AR10,AI10,Z10,Q10,H10) -> 0 | CF10: =(CE10/800)*100 -> 0 | CI10: =IF(CA10<=4,"F",IF(CA10<=6,"PASS",IF(CA10<=6.5,"SC",IF(CA10<=7.5,"FC",IF(CA10<="10","FCD"))))) -> F
A11: =A10+1 -> 4 | B11: 1BI23CD004 | C11: ARYAN KASHYAP | D11: D | H11: =SUM(E11:F11) -> 0 | I11: 4 | J11: =IF(F11<=17,"0",IF(H11<=39,"0",IF(H11<=49,"4",IF(H11<=54,"5",IF(H11<=59,"6",IF(H11<=69,"7",IF(H11<=79,"8",IF(H11<=89,"9","10")))))))) -> 0 | K11: =IF(F11<=17,"F",IF(H11<=39,"F",IF(H11<=49,"P",IF(H11<=54,"C",IF(H11<=59,"B",IF(H11<=69,"B+",IF(H11<=79,"A",IF(H11<=89,"A+","O")))))))) -> F | L11: =I11*J11 -> 0 | Q11: =SUM(N11:O11) -> 0 | R11: 4 | S11: =IF(O11<=17,"0",IF(Q11<=39,"4",IF(Q11<=49,"4",IF(Q11<=54,"5",IF(Q11<=59,"6",IF(Q11<=69,"7",IF(Q11<=79,"8",IF(Q11<=89,"9","10")))))))) -> 0 | T11: =IF(O11<=17,"F",IF(Q11<=39,"F",IF(Q11<=49,"P",IF(Q11<=54,"C",IF(Q11<=59,"B",IF(Q11<=69,"B+",IF(Q11<=79,"A",IF(Q11<=89,"A+","O")))))))) -> F | U11: =R11*S11 -> 0 | Z11: =SUM(W11:X11) -> 0 | AA11: 3 | AB11: =IF(X11<=17,"0",IF(Z11<=39,"0",IF(Z11<=49,"4",IF(Z11<=54,"5",IF(Z11<=59,"6",IF(Z11<=69,"7",IF(Z11<=79,"8",IF(Z11<=89,"9","10")))))))) -> 0 | AC11: =IF(X11<=17,"F",IF(Z11<=39,"F",IF(Z11<=49,"P",IF(Z11<=54,"C",IF(Z11<=59,"B",IF(Z11<=69,"B+",IF(Z11<=79,"A",IF(Z11<=89,"A+","O")))))))) -> F | AD11: =AA11*AB11 -> 0 | AI11: =SUM(AF11:AG11) -> 0 | AJ11: 3 | AK11: =IF(AG11<=17,"0",IF(AI11<=39,"0",IF(AI11<=49,"4",IF(AI11<=54,"5",IF(AI11<=59,"6",IF(AI11<=69,"7",IF(AI11<=79,"8",IF(AI11<=89,"9","10")))))))) -> 0 | AL11: =IF(AG11<=17,"F",IF(AI11<=39,"F",IF(AI11<=49,"P",IF(AI11<=54,"C",IF(AI11<=59,"B",IF(AI11<=69,"B+",IF(AI11<=79,"A",IF(AI11<=89,"A+","O")))))))) -> F | AM11: =AJ11*AK11 -> 0 | AR11: =(AO11+AP11) -> 0 | AS11: 3 | AT11: =IF(AP11<=17,"0",IF(AR11<=39,"0",IF(AR11<=49,"4",IF(AR11<=54,"5",IF(AR11<=59,"6",IF(AR11<=69,"7",IF(AR11<=79,"8",IF(AR11<=89,"9","10")))))))) -> 0 | AU11: =IF(AP11<=17,"F",IF(AR11<=39,"F",IF(AR11<=49,"P",IF(AR11<=54,"C",IF(AR11<=59,"B",IF(AR11<=69,"B+",IF(AR11<=79,"A",IF(AR11<=89,"A+","O")))))))) -> F | AV11: =AS11*AT11 -> 0 | BA11: =(AX11+AY11) -> 0 | BB11: 1 | BC11: =IF(AY11<=17,"0",IF(BA11<=39,"0",IF(BA11<=49,"4",IF(BA11<=54,"5",IF(BA11<=59,"6",IF(BA11<=69,"7",IF(BA11<=79,"8",IF(BA11<=89,"9","10")))))))) -> 0 | BD11: =IF(AY11<=17,"F",IF(BA11<=39,"F",IF(BA11<=49,"P",IF(BA11<=54,"C",IF(BA11<=59,"B",IF(BA11<=69,"B+",IF(BA11<=79,"A",IF(BA11<=89,"A+","O")))))))) -> F | BE11: =BB11*BC11 -> 0 | BF11: Samskrutika Kannada | BJ11: =(BG11+BH11) -> 0 | BK11: 1 | BL11: =IF(BH11<=17,"0",IF(BJ11<=39,"0",IF(BJ11<=49,"4",IF(BJ11<=54,"5",IF(BJ11<=59,"6",IF(BJ11<=69,"7",IF(BJ11<=79,"8",IF(BJ11<=89,"9","10")))))))) -> 0 | BM11: =IF(BH11<=17,"F",IF(BJ11<=39,"F",IF(BJ11<=49,"P",IF(BJ11<=54,"C",IF(BJ11<=59,"B",IF(BJ11<=69,"B+",IF(BJ11<=79,"A",IF(BJ11<=89,"A+","O")))))))) -> F | BN11: =BK11*BL11 -> 0 | BS11: =(BP11+BQ11) -> 0 | BT11: 1 | BU11: =IF(BQ11<=17,"0",IF(BS11<=39,"0",IF(BS11<=49,"4",IF(BS11<=54,"5",IF(BS11<=59,"6",IF(BS11<=69,"7",IF(BS11<=79,"8",IF(BS11<=89,"9","10")))))))) -> 0 | BV11: =IF(BQ11<=17,"F",IF(BS11<=39,"F",IF(BS11<=49,"P",IF(BS11<=54,"C",IF(BS11<=59,"B",IF(BS11<=69,"B+",IF(BS11<=79,"A",IF(BS11<=89,"A+","O")))))))) -> F | BW11: =BT11*BU11 -> 0 | BZ11: =L11+U11+AD11+AM11+AV11+BE11+BN11+BW11 -> 0 | CA11: =BZ11/20 -> 0 | CB11: =IF(CA11<4,"F",IF(BV11="F","F",IF(BM11="F","F",IF(BD11="F","F",IF(AU11="F","F",IF(AL11="F","F",IF(AC11="F","F",IF(T11="F","F",IF(K11="F","F",IF(CA11<=5,"C",IF(CA11<6,"B",IF(CA11<7,"B+",IF(CA11<8,"A",IF(CA11<=9,"A+","O")))))))))))))) -> F | CC11: =CA11*9.5 -> 0 | CE11: =SUM(BS11,BJ11,BA11,AR11,AI11,Z11,Q11,H11) -> 0 | CF11: =(CE11/800)*100 -> 0 | CI11: F
A12: =A11+1 -> 5 | B12: 1BI23CD005 | C12: ARYAN SAHU | D12: D | H12: =SUM(E12:F12) -> 0 | I12: 4 | J12: =IF(F12<=17,"0",IF(H12<=39,"0",IF(H12<=49,"4",IF(H12<=54,"5",IF(H12<=59,"6",IF(H12<=69,"7",IF(H12<=79,"8",IF(H12<=89,"9","10")))))))) -> 0 | K12: =IF(F12<=17,"F",IF(H12<=39,"F",IF(H12<=49,"P",IF(H12<=54,"C",IF(H12<=59,"B",IF(H12<=69,"B+",IF(H12<=79,"A",IF(H12<=89,"A+","O")))))))) -> F | L12: =I12*J12 -> 0 | Q12: =SUM(N12:O12) -> 0 | R12: 4 | S12: =IF(O12<=17,"0",IF(Q12<=39,"4",IF(Q12<=49,"4",IF(Q12<=54,"5",IF(Q12<=59,"6",IF(Q12<=69,"7",IF(Q12<=79,"8",IF(Q12<=89,"9","10")))))))) -> 0 | T12: =IF(O12<=17,"F",IF(Q12<=39,"F",IF(Q12<=49,"P",IF(Q12<=54,"C",IF(Q12<=59,"B",IF(Q12<=69,"B+",IF(Q12<=79,"A",IF(Q12<=89,"A+","O")))))))) -> F | U12: =R12*S12 -> 0 | Z12: =SUM(W12:X12) -> 0 | AA12: 3 | AB12: =IF(X12<=17,"0",IF(Z12<=39,"0",IF(Z12<=49,"4",IF(Z12<=54,"5",IF(Z12<=59,"6",IF(Z12<=69,"7",IF(Z12<=79,"8",IF(Z12<=89,"9","10")))))))) -> 0 | AC12: =IF(X12<=17,"F",IF(Z12<=39,"F",IF(Z12<=49,"P",IF(Z12<=54,"C",IF(Z12<=59,"B",IF(Z12<=69,"B+",IF(Z12<=79,"A",IF(Z12<=89,"A+","O")))))))) -> F | AD12: =AA12*AB12 -> 0 | AI12: =SUM(AF12:AG12) -> 0 | AJ12: 3 | AK12: =IF(AG12<=17,"0",IF(AI12<=39,"0",IF(AI12<=49,"4",IF(AI12<=54,"5",IF(AI12<=59,"6",IF(AI12<=69,"7",IF(AI12<=79,"8",IF(AI12<=89,"9","10")))))))) -> 0 | AL12: =IF(AG12<=17,"F",IF(AI12<=39,"F",IF(AI12<=49,"P",IF(AI12<=54,"C",IF(AI12<=59,"B",IF(AI12<=69,"B+",IF(AI12<=79,"A",IF(AI12<=89,"A+","O")))))))) -> F | AM12: =AJ12*AK12 -> 0 | AR12: =(AO12+AP12) -> 0 | AS12: 3 | AT12: =IF(AP12<=17,"0",IF(AR12<=39,"0",IF(AR12<=49,"4",IF(AR12<=54,"5",IF(AR12<=59,"6",IF(AR12<=69,"7",IF(AR12<=79,"8",IF(AR12<=89,"9","10")))))))) -> 0 | AU12: =IF(AP12<=17,"F",IF(AR12<=39,"F",IF(AR12<=49,"P",IF(AR12<=54,"C",IF(AR12<=59,"B",IF(AR12<=69,"B+",IF(AR12<=79,"A",IF(AR12<=89,"A+","O")))))))) -> F | AV12: =AS12*AT12 -> 0 | BA12: =(AX12+AY12) -> 0 | BB12: 1 | BC12: =IF(AY12<=17,"0",IF(BA12<=39,"0",IF(BA12<=49,"4",IF(BA12<=54,"5",IF(BA12<=59,"6",IF(BA12<=69,"7",IF(BA12<=79,"8",IF(BA12<=89,"9","10")))))))) -> 0 | BD12: =IF(AY12<=17,"F",IF(BA12<=39,"F",IF(BA12<=49,"P",IF(BA12<=54,"C",IF(BA12<=59,"B",IF(BA12<=69,"B+",IF(BA12<=79,"A",IF(BA12<=89,"A+","O")))))))) -> F | BE12: =BB12*BC12 -> 0 | BF12: Samskrutika Kannada | BJ12: =(BG12+BH12) -> 0 | BK12: 1 | BL12: =IF(BH12<=17,"0",IF(BJ12<=39,"0",IF(BJ12<=49,"4",IF(BJ12<=54,"5",IF(BJ12<=59,"6",IF(BJ12<=69,"7",IF(BJ12<=79,"8",IF(BJ12<=89,"9","10")))))))) -> 0 | BM12: =IF(BH12<=17,"F",IF(BJ12<=39,"F",IF(BJ12<=49,"P",IF(BJ12<=54,"C",IF(BJ12<=59,"B",IF(BJ12<=69,"B+",IF(BJ12<=79,"A",IF(BJ12<=89,"A+","O")))))))) -> F | BN12: =BK12*BL12 -> 0 | BS12: =(BP12+BQ12) -> 0 | BT12: 1 | BU12: =IF(BQ12<=17,"0",IF(BS12<=39,"0",IF(BS12<=49,"4",IF(BS12<=54,"5",IF(BS12<=59,"6",IF(BS12<=69,"7",IF(BS12<=79,"8",IF(BS12<=89,"9","10")))))))) -> 0 | BV12: =IF(BQ12<=17,"F",IF(BS12<=39,"F",IF(BS12<=49,"P",IF(BS12<=54,"C",IF(BS12<=59,"B",IF(BS12<=69,"B+",IF(BS12<=79,"A",IF(BS12<=89,"A+","O")))))))) -> F | BW12: =BT12*BU12 -> 0 | BZ12: =L12+U12+AD12+AM12+AV12+BE12+BN12+BW12 -> 0 | CA12: =BZ12/20 -> 0 | CB12: =IF(CA12<4,"F",IF(BV12="F","F",IF(BM12="F","F",IF(BD12="F","F",IF(AU12="F","F",IF(AL12="F","F",IF(AC12="F","F",IF(T12="F","F",IF(K12="F","F",IF(CA12<=5,"C",IF(CA12<6,"B",IF(CA12<7,"B+",IF(CA12<8,"A",IF(CA12<=9,"A+","O")))))))))))))) -> F | CC12: =CA12*9.5 -> 0 | CE12: =SUM(BS12,BJ12,BA12,AR12,AI12,Z12,Q12,H12) -> 0 | CF12: =(CE12/800)*100 -> 0 | CI12: =IF(CA12<=4,"F",IF(CA12<=6,"PASS",IF(CA12<=6.5,"SC",IF(CA12<=7.5,"FC",IF(CA12<="10","FCD"))))) -> F
A13: =A12+1 -> 6 | B13: 1BI23CD006 | C13: ASHWINI KULKARNI | D13: D | H13: =SUM(E13:F13) -> 0 | I13: 4 | J13: =IF(F13<=17,"0",IF(H13<=39,"0",IF(H13<=49,"4",IF(H13<=54,"5",IF(H13<=59,"6",IF(H13<=69,"7",IF(H13<=79,"8",IF(H13<=89,"9","10")))))))) -> 0 | K13: =IF(F13<=17,"F",IF(H13<=39,"F",IF(H13<=49,"P",IF(H13<=54,"C",IF(H13<=59,"B",IF(H13<=69,"B+",IF(H13<=79,"A",IF(H13<=89,"A+","O")))))))) -> F | L13: =I13*J13 -> 0 | Q13: =SUM(N13:O13) -> 0 | R13: 4 | S13: =IF(O13<=17,"0",IF(Q13<=39,"4",IF(Q13<=49,"4",IF(Q13<=54,"5",IF(Q13<=59,"6",IF(Q13<=69,"7",IF(Q13<=79,"8",IF(Q13<=89,"9","10")))))))) -> 0 | T13: =IF(O13<=17,"F",IF(Q13<=39,"F",IF(Q13<=49,"P",IF(Q13<=54,"C",IF(Q13<=59,"B",IF(Q13<=69,"B+",IF(Q13<=79,"A",IF(Q13<=89,"A+","O")))))))) -> F | U13: =R13*S13 -> 0 | Z13: =SUM(W13:X13) -> 0 | AA13: 3 | AB13: =IF(X13<=17,"0",IF(Z13<=39,"0",IF(Z13<=49,"4",IF(Z13<=54,"5",IF(Z13<=59,"6",IF(Z13<=69,"7",IF(Z13<=79,"8",IF(Z13<=89,"9","10")))))))) -> 0 | AC13: =IF(X13<=17,"F",IF(Z13<=39,"F",IF(Z13<=49,"P",IF(Z13<=54,"C",IF(Z13<=59,"B",IF(Z13<=69,"B+",IF(Z13<=79,"A",IF(Z13<=89,"A+","O")))))))) -> F | AD13: =AA13*AB13 -> 0 | AI13: =SUM(AF13:AG13) -> 0 | AJ13: 3 | AK13: =IF(AG13<=17,"0",IF(AI13<=39,"0",IF(AI13<=49,"4",IF(AI13<=54,"5",IF(AI13<=59,"6",IF(AI13<=69,"7",IF(AI13<=79,"8",IF(AI13<=89,"9","10")))))))) -> 0 | AL13: =IF(AG13<=17,"F",IF(AI13<=39,"F",IF(AI13<=49,"P",IF(AI13<=54,"C",IF(AI13<=59,"B",IF(AI13<=69,"B+",IF(AI13<=79,"A",IF(AI13<=89,"A+","O")))))))) -> F | AM13: =AJ13*AK13 -> 0 | AR13: =(AO13+AP13) -> 0 | AS13: 3 | AT13: =IF(AP13<=17,"0",IF(AR13<=39,"0",IF(AR13<=49,"4",IF(AR13<=54,"5",IF(AR13<=59,"6",IF(AR13<=69,"7",IF(AR13<=79,"8",IF(AR13<=89,"9","10")))))))) -> 0 | AU13: =IF(AP13<=17,"F",IF(AR13<=39,"F",IF(AR13<=49,"P",IF(AR13<=54,"C",IF(AR13<=59,"B",IF(AR13<=69,"B+",IF(AR13<=79,"A",IF(AR13<=89,"A+","O")))))))) -> F | AV13: =AS13*AT13 -> 0 | BA13: =(AX13+AY13) -> 0 | BB13: 1 | BC13: =IF(AY13<=17,"0",IF(BA13<=39,"0",IF(BA13<=49,"4",IF(BA13<=54,"5",IF(BA13<=59,"6",IF(BA13<=69,"7",IF(BA13<=79,"8",IF(BA13<=89,"9","10")))))))) -> 0 | BD13: =IF(AY13<=17,"F",IF(BA13<=39,"F",IF(BA13<=49,"P",IF(BA13<=54,"C",IF(BA13<=59,"B",IF(BA13<=69,"B+",IF(BA13<=79,"A",IF(BA13<=89,"A+","O")))))))) -> F | BE13: =BB13*BC13 -> 0 | BF13: Samskrutika Kannada | BJ13: =(BG13+BH13) -> 0 | BK13: 1 | BL13: =IF(BH13<=17,"0",IF(BJ13<=39,"0",IF(BJ13<=49,"4",IF(BJ13<=54,"5",IF(BJ13<=59,"6",IF(BJ13<=69,"7",IF(BJ13<=79,"8",IF(BJ13<=89,"9","10")))))))) -> 0 | BM13: =IF(BH13<=17,"F",IF(BJ13<=39,"F",IF(BJ13<=49,"P",IF(BJ13<=54,"C",IF(BJ13<=59,"B",IF(BJ13<=69,"B+",IF(BJ13<=79,"A",IF(BJ13<=89,"A+","O")))))))) -> F | BN13: =BK13*BL13 -> 0 | BS13: =(BP13+BQ13) -> 0 | BT13: 1 | BU13: =IF(BQ13<=17,"0",IF(BS13<=39,"0",IF(BS13<=49,"4",IF(BS13<=54,"5",IF(BS13<=59,"6",IF(BS13<=69,"7",IF(BS13<=79,"8",IF(BS13<=89,"9","10")))))))) -> 0 | BV13: =IF(BQ13<=17,"F",IF(BS13<=39,"F",IF(BS13<=49,"P",IF(BS13<=54,"C",IF(BS13<=59,"B",IF(BS13<=69,"B+",IF(BS13<=79,"A",IF(BS13<=89,"A+","O")))))))) -> F | BW13: =BT13*BU13 -> 0 | BZ13: =L13+U13+AD13+AM13+AV13+BE13+BN13+BW13 -> 0 | CA13: =BZ13/20 -> 0 | CB13: =IF(CA13<4,"F",IF(BV13="F","F",IF(BM13="F","F",IF(BD13="F","F",IF(AU13="F","F",IF(AL13="F","F",IF(AC13="F","F",IF(T13="F","F",IF(K13="F","F",IF(CA13<=5,"C",IF(CA13<6,"B",IF(CA13<7,"B+",IF(CA13<8,"A",IF(CA13<=9,"A+","O")))))))))))))) -> F | CC13: =CA13*9.5 -> 0 | CE13: =SUM(BS13,BJ13,BA13,AR13,AI13,Z13,Q13,H13) -> 0 | CF13: =(CE13/800)*100 -> 0 | CI13: =IF(CA13<=4,"F",IF(CA13<=6,"PASS",IF(CA13<=6.5,"SC",IF(CA13<=7.5,"FC",IF(CA13<="10","FCD"))))) -> F
A14: =A13+1 -> 7 | B14: 1BI23CD007 | C14: AYUSH KUMAR | D14: D | H14: =SUM(E14:F14) -> 0 | I14: 4 | J14: =IF(F14<=17,"0",IF(H14<=39,"0",IF(H14<=49,"4",IF(H14<=54,"5",IF(H14<=59,"6",IF(H14<=69,"7",IF(H14<=79,"8",IF(H14<=89,"9","10")))))))) -> 0 | K14: =IF(F14<=17,"F",IF(H14<=39,"F",IF(H14<=49,"P",IF(H14<=54,"C",IF(H14<=59,"B",IF(H14<=69,"B+",IF(H14<=79,"A",IF(H14<=89,"A+","O")))))))) -> F | L14: =I14*J14 -> 0 | Q14: =SUM(N14:O14) -> 0 | R14: 4 | S14: =IF(O14<=17,"0",IF(Q14<=39,"4",IF(Q14<=49,"4",IF(Q14<=54,"5",IF(Q14<=59,"6",IF(Q14<=69,"7",IF(Q14<=79,"8",IF(Q14<=89,"9","10")))))))) -> 0 | T14: =IF(O14<=17,"F",IF(Q14<=39,"F",IF(Q14<=49,"P",IF(Q14<=54,"C",IF(Q14<=59,"B",IF(Q14<=69,"B+",IF(Q14<=79,"A",IF(Q14<=89,"A+","O")))))))) -> F | U14: =R14*S14 -> 0 | Z14: =SUM(W14:X14) -> 0 | AA14: 3 | AB14: =IF(X14<=17,"0",IF(Z14<=39,"0",IF(Z14<=49,"4",IF(Z14<=54,"5",IF(Z14<=59,"6",IF(Z14<=69,"7",IF(Z14<=79,"8",IF(Z14<=89,"9","10")))))))) -> 0 | AC14: =IF(X14<=17,"F",IF(Z14<=39,"F",IF(Z14<=49,"P",IF(Z14<=54,"C",IF(Z14<=59,"B",IF(Z14<=69,"B+",IF(Z14<=79,"A",IF(Z14<=89,"A+","O")))))))) -> F | AD14: =AA14*AB14 -> 0 | AI14: =SUM(AF14:AG14) -> 0 | AJ14: 3 | AK14: =IF(AG14<=17,"0",IF(AI14<=39,"0",IF(AI14<=49,"4",IF(AI14<=54,"5",IF(AI14<=59,"6",IF(AI14<=69,"7",IF(AI14<=79,"8",IF(AI14<=89,"9","10")))))))) -> 0 | AL14: =IF(AG14<=17,"F",IF(AI14<=39,"F",IF(AI14<=49,"P",IF(AI14<=54,"C",IF(AI14<=59,"B",IF(AI14<=69,"B+",IF(AI14<=79,"A",IF(AI14<=89,"A+","O")))))))) -> F | AM14: =AJ14*AK14 -> 0 | AR14: =(AO14+AP14) -> 0 | AS14: 3 | AT14: =IF(AP14<=17,"0",IF(AR14<=39,"0",IF(AR14<=49,"4",IF(AR14<=54,"5",IF(AR14<=59,"6",IF(AR14<=69,"7",IF(AR14<=79,"8",IF(AR14<=89,"9","10")))))))) -> 0 | AU14: =IF(AP14<=17,"F",IF(AR14<=39,"F",IF(AR14<=49,"P",IF(AR14<=54,"C",IF(AR14<=59,"B",IF(AR14<=69,"B+",IF(AR14<=79,"A",IF(AR14<=89,"A+","O")))))))) -> F | AV14: =AS14*AT14 -> 0 | BA14: =(AX14+AY14) -> 0 | BB14: 1 | BC14: =IF(AY14<=17,"0",IF(BA14<=39,"0",IF(BA14<=49,"4",IF(BA14<=54,"5",IF(BA14<=59,"6",IF(BA14<=69,"7",IF(BA14<=79,"8",IF(BA14<=89,"9","10")))))))) -> 0 | BD14: =IF(AY14<=17,"F",IF(BA14<=39,"F",IF(BA14<=49,"P",IF(BA14<=54,"C",IF(BA14<=59,"B",IF(BA14<=69,"B+",IF(BA14<=79,"A",IF(BA14<=89,"A+","O")))))))) -> F | BE14: =BB14*BC14 -> 0 | BF14: Samskrutika Kannada | BJ14: =(BG14+BH14) -> 0 | BK14: 1 | BL14: =IF(BH14<=17,"0",IF(BJ14<=39,"0",IF(BJ14<=49,"4",IF(BJ14<=54,"5",IF(BJ14<=59,"6",IF(BJ14<=69,"7",IF(BJ14<=79,"8",IF(BJ14<=89,"9","10")))))))) -> 0 | BM14: =IF(BH14<=17,"F",IF(BJ14<=39,"F",IF(BJ14<=49,"P",IF(BJ14<=54,"C",IF(BJ14<=59,"B",IF(BJ14<=69,"B+",IF(BJ14<=79,"A",IF(BJ14<=89,"A+","O")))))))) -> F | BN14: =BK14*BL14 -> 0 | BS14: =(BP14+BQ14) -> 0 | BT14: 1 | BU14: =IF(BQ14<=17,"0",IF(BS14<=39,"0",IF(BS14<=49,"4",IF(BS14<=54,"5",IF(BS14<=59,"6",IF(BS14<=69,"7",IF(BS14<=79,"8",IF(BS14<=89,"9","10")))))))) -> 0 | BV14: =IF(BQ14<=17,"F",IF(BS14<=39,"F",IF(BS14<=49,"P",IF(BS14<=54,"C",IF(BS14<=59,"B",IF(BS14<=69,"B+",IF(BS14<=79,"A",IF(BS14<=89,"A+","O")))))))) -> F | BW14: =BT14*BU14 -> 0 | BZ14: =L14+U14+AD14+AM14+AV14+BE14+BN14+BW14 -> 0 | CA14: =BZ14/20 -> 0 | CB14: =IF(CA14<4,"F",IF(BV14="F","F",IF(BM14="F","F",IF(BD14="F","F",IF(AU14="F","F",IF(AL14="F","F",IF(AC14="F","F",IF(T14="F","F",IF(K14="F","F",IF(CA14<=5,"C",IF(CA14<6,"B",IF(CA14<7,"B+",IF(CA14<8,"A",IF(CA14<=9,"A+","O")))))))))))))) -> F | CC14: =CA14*9.5 -> 0 | CE14: =SUM(BS14,BJ14,BA14,AR14,AI14,Z14,Q14,H14) -> 0 | CF14: =(CE14/800)*100 -> 0 | CI14: =IF(CA14<=4,"F",IF(CA14<=6,"PASS",IF(CA14<=6.5,"SC",IF(CA14<=7.5,"FC",IF(CA14<="10","FCD"))))) -> F
A15: =A14+1 -> 8 | B15: 1BI23CD008 | C15: AYUSH KUMAR BHADANI | D15: D | H15: =SUM(E15:F15) -> 0 | I15: 4 | J15: =IF(F15<=17,"0",IF(H15<=39,"0",IF(H15<=49,"4",IF(H15<=54,"5",IF(H15<=59,"6",IF(H15<=69,"7",IF(H15<=79,"8",IF(H15<=89,"9","10")))))))) -> 0 | K15: =IF(F15<=17,"F",IF(H15<=39,"F",IF(H15<=49,"P",IF(H15<=54,"C",IF(H15<=59,"B",IF(H15<=69,"B+",IF(H15<=79,"A",IF(H15<=89,"A+","O")))))))) -> F | L15: =I15*J15 -> 0 | Q15: =SUM(N15:O15) -> 0 | R15: 4 | S15: =IF(O15<=17,"0",IF(Q15<=39,"4",IF(Q15<=49,"4",IF(Q15<=54,"5",IF(Q15<=59,"6",IF(Q15<=69,"7",IF(Q15<=79,"8",IF(Q15<=89,"9","10")))))))) -> 0 | T15: =IF(O15<=17,"F",IF(Q15<=39,"F",IF(Q15<=49,"P",IF(Q15<=54,"C",IF(Q15<=59,"B",IF(Q15<=69,"B+",IF(Q15<=79,"A",IF(Q15<=89,"A+","O")))))))) -> F | U15: =R15*S15 -> 0 | Z15: =SUM(W15:X15) -> 0 | AA15: 3 | AB15: =IF(X15<=17,"0",IF(Z15<=39,"0",IF(Z15<=49,"4",IF(Z15<=54,"5",IF(Z15<=59,"6",IF(Z15<=69,"7",IF(Z15<=79,"8",IF(Z15<=89,"9","10")))))))) -> 0 | AC15: =IF(X15<=17,"F",IF(Z15<=39,"F",IF(Z15<=49,"P",IF(Z15<=54,"C",IF(Z15<=59,"B",IF(Z15<=69,"B+",IF(Z15<=79,"A",IF(Z15<=89,"A+","O")))))))) -> F | AD15: =AA15*AB15 -> 0 | AI15: =SUM(AF15:AG15) -> 0 | AJ15: 3 | AK15: =IF(AG15<=17,"0",IF(AI15<=39,"0",IF(AI15<=49,"4",IF(AI15<=54,"5",IF(AI15<=59,"6",IF(AI15<=69,"7",IF(AI15<=79,"8",IF(AI15<=89,"9","10")))))))) -> 0 | AL15: =IF(AG15<=17,"F",IF(AI15<=39,"F",IF(AI15<=49,"P",IF(AI15<=54,"C",IF(AI15<=59,"B",IF(AI15<=69,"B+",IF(AI15<=79,"A",IF(AI15<=89,"A+","O")))))))) -> F | AM15: =AJ15*AK15 -> 0 | AR15: =(AO15+AP15) -> 0 | AS15: 3 | AT15: =IF(AP15<=17,"0",IF(AR15<=39,"0",IF(AR15<=49,"4",IF(AR15<=54,"5",IF(AR15<=59,"6",IF(AR15<=69,"7",IF(AR15<=79,"8",IF(AR15<=89,"9","10")))))))) -> 0 | AU15: =IF(AP15<=17,"F",IF(AR15<=39,"F",IF(AR15<=49,"P",IF(AR15<=54,"C",IF(AR15<=59,"B",IF(AR15<=69,"B+",IF(AR15<=79,"A",IF(AR15<=89,"A+","O")))))))) -> F | AV15: =AS15*AT15 -> 0 | BA15: =(AX15+AY15) -> 0 | BB15: 1 | BC15: =IF(AY15<=17,"0",IF(BA15<=39,"0",IF(BA15<=49,"4",IF(BA15<=54,"5",IF(BA15<=59,"6",IF(BA15<=69,"7",IF(BA15<=79,"8",IF(BA15<=89,"9","10")))))))) -> 0 | BD15: =IF(AY15<=17,"F",IF(BA15<=39,"F",IF(BA15<=49,"P",IF(BA15<=54,"C",IF(BA15<=59,"B",IF(BA15<=69,"B+",IF(BA15<=79,"A",IF(BA15<=89,"A+","O")))))))) -> F | BE15: =BB15*BC15 -> 0 | BF15: Samskrutika Kannada | BJ15: =(BG15+BH15) -> 0 | BK15: 1 | BL15: =IF(BH15<=17,"0",IF(BJ15<=39,"0",IF(BJ15<=49,"4",IF(BJ15<=54,"5",IF(BJ15<=59,"6",IF(BJ15<=69,"7",IF(BJ15<=79,"8",IF(BJ15<=89,"9","10")))))))) -> 0 | BM15: =IF(BH15<=17,"F",IF(BJ15<=39,"F",IF(BJ15<=49,"P",IF(BJ15<=54,"C",IF(BJ15<=59,"B",IF(BJ15<=69,"B+",IF(BJ15<=79,"A",IF(BJ15<=89,"A+","O")))))))) -> F | BN15: =BK15*BL15 -> 0 | BS15: =(BP15+BQ15) -> 0 | BT15: 1 | BU15: =IF(BQ15<=17,"0",IF(BS15<=39,"0",IF(BS15<=49,"4",IF(BS15<=54,"5",IF(BS15<=59,"6",IF(BS15<=69,"7",IF(BS15<=79,"8",IF(BS15<=89,"9","10")))))))) -> 0 | BV15: =IF(BQ15<=17,"F",IF(BS15<=39,"F",IF(BS15<=49,"P",IF(BS15<=54,"C",IF(BS15<=59,"B",IF(BS15<=69,"B+",IF(BS15<=79,"A",IF(BS15<=89,"A+","O")))))))) -> F | BW15: =BT15*BU15 -> 0 | BZ15: =L15+U15+AD15+AM15+AV15+BE15+BN15+BW15 -> 0 | CA15: =BZ15/20 -> 0 | CB15: =IF(CA15<4,"F",IF(BV15="F","F",IF(BM15="F","F",IF(BD15="F","F",IF(AU15="F","F",IF(AL15="F","F",IF(AC15="F","F",IF(T15="F","F",IF(K15="F","F",IF(CA15<=5,"C",IF(CA15<6,"B",IF(CA15<7,"B+",IF(CA15<8,"A",IF(CA15<=9,"A+","O")))))))))))))) -> F | CC15: =CA15*9.5 -> 0 | CE15: =SUM(BS15,BJ15,BA15,AR15,AI15,Z15,Q15,H15) -> 0 | CF15: =(CE15/800)*100 -> 0 | CI15: =IF(CA15<=4,"F",IF(CA15<=6,"PASS",IF(CA15<=6.5,"SC",IF(CA15<=7.5,"FC",IF(CA15<="10","FCD"))))) -> F
A16: =A15+1 -> 9 | B16: 1BI23CD009 | C16: AYUSH RAJ | D16: D | H16: =SUM(E16:F16) -> 0 | I16: 4 | J16: =IF(F16<=17,"0",IF(H16<=39,"0",IF(H16<=49,"4",IF(H16<=54,"5",IF(H16<=59,"6",IF(H16<=69,"7",IF(H16<=79,"8",IF(H16<=89,"9","10")))))))) -> 0 | K16: =IF(F16<=17,"F",IF(H16<=39,"F",IF(H16<=49,"P",IF(H16<=54,"C",IF(H16<=59,"B",IF(H16<=69,"B+",IF(H16<=79,"A",IF(H16<=89,"A+","O")))))))) -> F | L16: =I16*J16 -> 0 | Q16: =SUM(N16:O16) -> 0 | R16: 4 | S16: =IF(O16<=17,"0",IF(Q16<=39,"4",IF(Q16<=49,"4",IF(Q16<=54,"5",IF(Q16<=59,"6",IF(Q16<=69,"7",IF(Q16<=79,"8",IF(Q16<=89,"9","10")))))))) -> 0 | T16: =IF(O16<=17,"F",IF(Q16<=39,"F",IF(Q16<=49,"P",IF(Q16<=54,"C",IF(Q16<=59,"B",IF(Q16<=69,"B+",IF(Q16<=79,"A",IF(Q16<=89,"A+","O")))))))) -> F | U16: =R16*S16 -> 0 | Z16: =SUM(W16:X16) -> 0 | AA16: 3 | AB16: =IF(X16<=17,"0",IF(Z16<=39,"0",IF(Z16<=49,"4",IF(Z16<=54,"5",IF(Z16<=59,"6",IF(Z16<=69,"7",IF(Z16<=79,"8",IF(Z16<=89,"9","10")))))))) -> 0 | AC16: =IF(X16<=17,"F",IF(Z16<=39,"F",IF(Z16<=49,"P",IF(Z16<=54,"C",IF(Z16<=59,"B",IF(Z16<=69,"B+",IF(Z16<=79,"A",IF(Z16<=89,"A+","O")))))))) -> F | AD16: =AA16*AB16 -> 0 | AI16: =SUM(AF16:AG16) -> 0 | AJ16: 3 | AK16: =IF(AG16<=17,"0",IF(AI16<=39,"0",IF(AI16<=49,"4",IF(AI16<=54,"5",IF(AI16<=59,"6",IF(AI16<=69,"7",IF(AI16<=79,"8",IF(AI16<=89,"9","10")))))))) -> 0 | AL16: =IF(AG16<=17,"F",IF(AI16<=39,"F",IF(AI16<=49,"P",IF(AI16<=54,"C",IF(AI16<=59,"B",IF(AI16<=69,"B+",IF(AI16<=79,"A",IF(AI16<=89,"A+","O")))))))) -> F | AM16: =AJ16*AK16 -> 0 | AR16: =(AO16+AP16) -> 0 | AS16: 3 | AT16: =IF(AP16<=17,"0",IF(AR16<=39,"0",IF(AR16<=49,"4",IF(AR16<=54,"5",IF(AR16<=59,"6",IF(AR16<=69,"7",IF(AR16<=79,"8",IF(AR16<=89,"9","10")))))))) -> 0 | AU16: =IF(AP16<=17,"F",IF(AR16<=39,"F",IF(AR16<=49,"P",IF(AR16<=54,"C",IF(AR16<=59,"B",IF(AR16<=69,"B+",IF(AR16<=79,"A",IF(AR16<=89,"A+","O")))))))) -> F | AV16: =AS16*AT16 -> 0 | BA16: =(AX16+AY16) -> 0 | BB16: 1 | BC16: =IF(AY16<=17,"0",IF(BA16<=39,"0",IF(BA16<=49,"4",IF(BA16<=54,"5",IF(BA16<=59,"6",IF(BA16<=69,"7",IF(BA16<=79,"8",IF(BA16<=89,"9","10")))))))) -> 0 | BD16: =IF(AY16<=17,"F",IF(BA16<=39,"F",IF(BA16<=49,"P",IF(BA16<=54,"C",IF(BA16<=59,"B",IF(BA16<=69,"B+",IF(BA16<=79,"A",IF(BA16<=89,"A+","O")))))))) -> F | BE16: =BB16*BC16 -> 0 | BF16: Samskrutika Kannada | BJ16: =(BG16+BH16) -> 0 | BK16: 1 | BL16: =IF(BH16<=17,"0",IF(BJ16<=39,"0",IF(BJ16<=49,"4",IF(BJ16<=54,"5",IF(BJ16<=59,"6",IF(BJ16<=69,"7",IF(BJ16<=79,"8",IF(BJ16<=89,"9","10")))))))) -> 0 | BM16: =IF(BH16<=17,"F",IF(BJ16<=39,"F",IF(BJ16<=49,"P",IF(BJ16<=54,"C",IF(BJ16<=59,"B",IF(BJ16<=69,"B+",IF(BJ16<=79,"A",IF(BJ16<=89,"A+","O")))))))) -> F | BN16: =BK16*BL16 -> 0 | BS16: =(BP16+BQ16) -> 0 | BT16: 1 | BU16: =IF(BQ16<=17,"0",IF(BS16<=39,"0",IF(BS16<=49,"4",IF(BS16<=54,"5",IF(BS16<=59,"6",IF(BS16<=69,"7",IF(BS16<=79,"8",IF(BS16<=89,"9","10")))))))) -> 0 | BV16: =IF(BQ16<=17,"F",IF(BS16<=39,"F",IF(BS16<=49,"P",IF(BS16<=54,"C",IF(BS16<=59,"B",IF(BS16<=69,"B+",IF(BS16<=79,"A",IF(BS16<=89,"A+","O")))))))) -> F | BW16: =BT16*BU16 -> 0 | BZ16: =L16+U16+AD16+AM16+AV16+BE16+BN16+BW16 -> 0 | CA16: =BZ16/20 -> 0 | CB16: =IF(CA16<4,"F",IF(BV16="F","F",IF(BM16="F","F",IF(BD16="F","F",IF(AU16="F","F",IF(AL16="F","F",IF(AC16="F","F",IF(T16="F","F",IF(K16="F","F",IF(CA16<=5,"C",IF(CA16<6,"B",IF(CA16<7,"B+",IF(CA16<8,"A",IF(CA16<=9,"A+","O")))))))))))))) -> F | CC16: =CA16*9.5 -> 0 | CE16: =SUM(BS16,BJ16,BA16,AR16,AI16,Z16,Q16,H16) -> 0 | CF16: =(CE16/800)*100 -> 0 | CI16: =IF(CA16<=4,"F",IF(CA16<=6,"PASS",IF(CA16<=6.5,"SC",IF(CA16<=7.5,"FC",IF(CA16<="10","FCD"))))) -> F
A17: =A16+1 -> 10 | B17: 1BI23CD010 | C17: B ANKITH KUMAR | D17: D | H17: =SUM(E17:F17) -> 0 | I17: 4 | J17: =IF(F17<=17,"0",IF(H17<=39,"0",IF(H17<=49,"4",IF(H17<=54,"5",IF(H17<=59,"6",IF(H17<=69,"7",IF(H17<=79,"8",IF(H17<=89,"9","10")))))))) -> 0 | K17: =IF(F17<=17,"F",IF(H17<=39,"F",IF(H17<=49,"P",IF(H17<=54,"C",IF(H17<=59,"B",IF(H17<=69,"B+",IF(H17<=79,"A",IF(H17<=89,"A+","O")))))))) -> F | L17: =I17*J17 -> 0 | Q17: =SUM(N17:O17) -> 0 | R17: 4 | S17: =IF(O17<=17,"0",IF(Q17<=39,"4",IF(Q17<=49,"4",IF(Q17<=54,"5",IF(Q17<=59,"6",IF(Q17<=69,"7",IF(Q17<=79,"8",IF(Q17<=89,"9","10")))))))) -> 0 | T17: =IF(O17<=17,"F",IF(Q17<=39,"F",IF(Q17<=49,"P",IF(Q17<=54,"C",IF(Q17<=59,"B",IF(Q17<=69,"B+",IF(Q17<=79,"A",IF(Q17<=89,"A+","O")))))))) -> F | U17: =R17*S17 -> 0 | Z17: =SUM(W17:X17) -> 0 | AA17: 3 | AB17: =IF(X17<=17,"0",IF(Z17<=39,"0",IF(Z17<=49,"4",IF(Z17<=54,"5",IF(Z17<=59,"6",IF(Z17<=69,"7",IF(Z17<=79,"8",IF(Z17<=89,"9","10")))))))) -> 0 | AC17: =IF(X17<=17,"F",IF(Z17<=39,"F",IF(Z17<=49,"P",IF(Z17<=54,"C",IF(Z17<=59,"B",IF(Z17<=69,"B+",IF(Z17<=79,"A",IF(Z17<=89,"A+","O")))))))) -> F | AD17: =AA17*AB17 -> 0 | AI17: =SUM(AF17:AG17) -> 0 | AJ17: 3 | AK17: =IF(AG17<=17,"0",IF(AI17<=39,"0",IF(AI17<=49,"4",IF(AI17<=54,"5",IF(AI17<=59,"6",IF(AI17<=69,"7",IF(AI17<=79,"8",IF(AI17<=89,"9","10")))))))) -> 0 | AL17: =IF(AG17<=17,"F",IF(AI17<=39,"F",IF(AI17<=49,"P",IF(AI17<=54,"C",IF(AI17<=59,"B",IF(AI17<=69,"B+",IF(AI17<=79,"A",IF(AI17<=89,"A+","O")))))))) -> F | AM17: =AJ17*AK17 -> 0 | AR17: =(AO17+AP17) -> 0 | AS17: 3 | AT17: =IF(AP17<=17,"0",IF(AR17<=39,"0",IF(AR17<=49,"4",IF(AR17<=54,"5",IF(AR17<=59,"6",IF(AR17<=69,"7",IF(AR17<=79,"8",IF(AR17<=89,"9","10")))))))) -> 0 | AU17: =IF(AP17<=17,"F",IF(AR17<=39,"F",IF(AR17<=49,"P",IF(AR17<=54,"C",IF(AR17<=59,"B",IF(AR17<=69,"B+",IF(AR17<=79,"A",IF(AR17<=89,"A+","O")))))))) -> F | AV17: =AS17*AT17 -> 0 | BA17: =(AX17+AY17) -> 0 | BB17: 1 | BC17: =IF(AY17<=17,"0",IF(BA17<=39,"0",IF(BA17<=49,"4",IF(BA17<=54,"5",IF(BA17<=59,"6",IF(BA17<=69,"7",IF(BA17<=79,"8",IF(BA17<=89,"9","10")))))))) -> 0 | BD17: =IF(AY17<=17,"F",IF(BA17<=39,"F",IF(BA17<=49,"P",IF(BA17<=54,"C",IF(BA17<=59,"B",IF(BA17<=69,"B+",IF(BA17<=79,"A",IF(BA17<=89,"A+","O")))))))) -> F | BE17: =BB17*BC17 -> 0 | BF17: Samskrutika Kannada | BJ17: =(BG17+BH17) -> 0 | BK17: 1 | BL17: =IF(BH17<=17,"0",IF(BJ17<=39,"0",IF(BJ17<=49,"4",IF(BJ17<=54,"5",IF(BJ17<=59,"6",IF(BJ17<=69,"7",IF(BJ17<=79,"8",IF(BJ17<=89,"9","10")))))))) -> 0 | BM17: =IF(BH17<=17,"F",IF(BJ17<=39,"F",IF(BJ17<=49,"P",IF(BJ17<=54,"C",IF(BJ17<=59,"B",IF(BJ17<=69,"B+",IF(BJ17<=79,"A",IF(BJ17<=89,"A+","O")))))))) -> F | BN17: =BK17*BL17 -> 0 | BS17: =(BP17+BQ17) -> 0 | BT17: 1 | BU17: =IF(BQ17<=17,"0",IF(BS17<=39,"0",IF(BS17<=49,"4",IF(BS17<=54,"5",IF(BS17<=59,"6",IF(BS17<=69,"7",IF(BS17<=79,"8",IF(BS17<=89,"9","10")))))))) -> 0 | BV17: =IF(BQ17<=17,"F",IF(BS17<=39,"F",IF(BS17<=49,"P",IF(BS17<=54,"C",IF(BS17<=59,"B",IF(BS17<=69,"B+",IF(BS17<=79,"A",IF(BS17<=89,"A+","O")))))))) -> F | BW17: =BT17*BU17 -> 0 | BZ17: =L17+U17+AD17+AM17+AV17+BE17+BN17+BW17 -> 0 | CA17: =BZ17/20 -> 0 | CB17: =IF(CA17<4,"F",IF(BV17="F","F",IF(BM17="F","F",IF(BD17="F","F",IF(AU17="F","F",IF(AL17="F","F",IF(AC17="F","F",IF(T17="F","F",IF(K17="F","F",IF(CA17<=5,"C",IF(CA17<6,"B",IF(CA17<7,"B+",IF(CA17<8,"A",IF(CA17<=9,"A+","O")))))))))))))) -> F | CC17: =CA17*9.5 -> 0 | CE17: =SUM(BS17,BJ17,BA17,AR17,AI17,Z17,Q17,H17) -> 0 | CF17: =(CE17/800)*100 -> 0 | CI17: =IF(CA17<=4,"F",IF(CA17<=6,"PASS",IF(CA17<=6.5,"SC",IF(CA17<=7.5,"FC",IF(CA17<="10","FCD"))))) -> F
A18: =A17+1 -> 11 | B18: 1BI23CD011 | C18: BASAVARAJ | D18: D | H18: =SUM(E18:F18) -> 0 | I18: 4 | J18: =IF(F18<=17,"0",IF(H18<=39,"0",IF(H18<=49,"4",IF(H18<=54,"5",IF(H18<=59,"6",IF(H18<=69,"7",IF(H18<=79,"8",IF(H18<=89,"9","10")))))))) -> 0 | K18: =IF(F18<=17,"F",IF(H18<=39,"F",IF(H18<=49,"P",IF(H18<=54,"C",IF(H18<=59,"B",IF(H18<=69,"B+",IF(H18<=79,"A",IF(H18<=89,"A+","O")))))))) -> F | L18: =I18*J18 -> 0 | Q18: =SUM(N18:O18) -> 0 | R18: 4 | S18: =IF(O18<=17,"0",IF(Q18<=39,"4",IF(Q18<=49,"4",IF(Q18<=54,"5",IF(Q18<=59,"6",IF(Q18<=69,"7",IF(Q18<=79,"8",IF(Q18<=89,"9","10")))))))) -> 0 | T18: =IF(O18<=17,"F",IF(Q18<=39,"F",IF(Q18<=49,"P",IF(Q18<=54,"C",IF(Q18<=59,"B",IF(Q18<=69,"B+",IF(Q18<=79,"A",IF(Q18<=89,"A+","O")))))))) -> F | U18: =R18*S18 -> 0 | Z18: =SUM(W18:X18) -> 0 | AA18: 3 | AB18: =IF(X18<=17,"0",IF(Z18<=39,"0",IF(Z18<=49,"4",IF(Z18<=54,"5",IF(Z18<=59,"6",IF(Z18<=69,"7",IF(Z18<=79,"8",IF(Z18<=89,"9","10")))))))) -> 0 | AC18: =IF(X18<=17,"F",IF(Z18<=39,"F",IF(Z18<=49,"P",IF(Z18<=54,"C",IF(Z18<=59,"B",IF(Z18<=69,"B+",IF(Z18<=79,"A",IF(Z18<=89,"A+","O")))))))) -> F | AD18: =AA18*AB18 -> 0 | AI18: =SUM(AF18:AG18) -> 0 | AJ18: 3 | AK18: =IF(AG18<=17,"0",IF(AI18<=39,"0",IF(AI18<=49,"4",IF(AI18<=54,"5",IF(AI18<=59,"6",IF(AI18<=69,"7",IF(AI18<=79,"8",IF(AI18<=89,"9","10")))))))) -> 0 | AL18: =IF(AG18<=17,"F",IF(AI18<=39,"F",IF(AI18<=49,"P",IF(AI18<=54,"C",IF(AI18<=59,"B",IF(AI18<=69,"B+",IF(AI18<=79,"A",IF(AI18<=89,"A+","O")))))))) -> F | AM18: =AJ18*AK18 -> 0 | AR18: =(AO18+AP18) -> 0 | AS18: 3 | AT18: =IF(AP18<=17,"0",IF(AR18<=39,"0",IF(AR18<=49,"4",IF(AR18<=54,"5",IF(AR18<=59,"6",IF(AR18<=69,"7",IF(AR18<=79,"8",IF(AR18<=89,"9","10")))))))) -> 0 | AU18: =IF(AP18<=17,"F",IF(AR18<=39,"F",IF(AR18<=49,"P",IF(AR18<=54,"C",IF(AR18<=59,"B",IF(AR18<=69,"B+",IF(AR18<=79,"A",IF(AR18<=89,"A+","O")))))))) -> F | AV18: =AS18*AT18 -> 0 | BA18: =(AX18+AY18) -> 0 | BB18: 1 | BC18: =IF(AY18<=17,"0",IF(BA18<=39,"0",IF(BA18<=49,"4",IF(BA18<=54,"5",IF(BA18<=59,"6",IF(BA18<=69,"7",IF(BA18<=79,"8",IF(BA18<=89,"9","10")))))))) -> 0 | BD18: =IF(AY18<=17,"F",IF(BA18<=39,"F",IF(BA18<=49,"P",IF(BA18<=54,"C",IF(BA18<=59,"B",IF(BA18<=69,"B+",IF(BA18<=79,"A",IF(BA18<=89,"A+","O")))))))) -> F | BE18: =BB18*BC18 -> 0 | BF18: Balake Kannada | BJ18: =(BG18+BH18) -> 0 | BK18: 1 | BL18: =IF(BH18<=17,"0",IF(BJ18<=39,"0",IF(BJ18<=49,"4",IF(BJ18<=54,"5",IF(BJ18<=59,"6",IF(BJ18<=69,"7",IF(BJ18<=79,"8",IF(BJ18<=89,"9","10")))))))) -> 0 | BM18: =IF(BH18<=17,"F",IF(BJ18<=39,"F",IF(BJ18<=49,"P",IF(BJ18<=54,"C",IF(BJ18<=59,"B",IF(BJ18<=69,"B+",IF(BJ18<=79,"A",IF(BJ18<=89,"A+","O")))))))) -> F | BN18: =BK18*BL18 -> 0 | BS18: =(BP18+BQ18) -> 0 | BT18: 1 | BU18: =IF(BQ18<=17,"0",IF(BS18<=39,"0",IF(BS18<=49,"4",IF(BS18<=54,"5",IF(BS18<=59,"6",IF(BS18<=69,"7",IF(BS18<=79,"8",IF(BS18<=89,"9","10")))))))) -> 0 | BV18: =IF(BQ18<=17,"F",IF(BS18<=39,"F",IF(BS18<=49,"P",IF(BS18<=54,"C",IF(BS18<=59,"B",IF(BS18<=69,"B+",IF(BS18<=79,"A",IF(BS18<=89,"A+","O")))))))) -> F | BW18: =BT18*BU18 -> 0 | BZ18: =L18+U18+AD18+AM18+AV18+BE18+BN18+BW18 -> 0 | CA18: =BZ18/20 -> 0 | CB18: =IF(CA18<4,"F",IF(BV18="F","F",IF(BM18="F","F",IF(BD18="F","F",IF(AU18="F","F",IF(AL18="F","F",IF(AC18="F","F",IF(T18="F","F",IF(K18="F","F",IF(CA18<=5,"C",IF(CA18<6,"B",IF(CA18<7,"B+",IF(CA18<8,"A",IF(CA18<=9,"A+","O")))))))))))))) -> F | CC18: =CA18*9.5 -> 0 | CE18: =SUM(BS18,BJ18,BA18,AR18,AI18,Z18,Q18,H18) -> 0 | CF18: =(CE18/800)*100 -> 0 | CI18: =IF(CA18<=4,"F",IF(CA18<=6,"PASS",IF(CA18<=6.5,"SC",IF(CA18<=7.5,"FC",IF(CA18<="10","FCD"))))) -> F
A19: =A18+1 -> 12 | B19: 1BI23CD012 | C19: BINDU SHREE R | D19: D | H19: =SUM(E19:F19) -> 0 | I19: 4 | J19: =IF(F19<=17,"0",IF(H19<=39,"0",IF(H19<=49,"4",IF(H19<=54,"5",IF(H19<=59,"6",IF(H19<=69,"7",IF(H19<=79,"8",IF(H19<=89,"9","10")))))))) -> 0 | K19: =IF(F19<=17,"F",IF(H19<=39,"F",IF(H19<=49,"P",IF(H19<=54,"C",IF(H19<=59,"B",IF(H19<=69,"B+",IF(H19<=79,"A",IF(H19<=89,"A+","O")))))))) -> F | L19: =I19*J19 -> 0 | Q19: =SUM(N19:O19) -> 0 | R19: 4 | S19: =IF(O19<=17,"0",IF(Q19<=39,"4",IF(Q19<=49,"4",IF(Q19<=54,"5",IF(Q19<=59,"6",IF(Q19<=69,"7",IF(Q19<=79,"8",IF(Q19<=89,"9","10")))))))) -> 0 | T19: =IF(O19<=17,"F",IF(Q19<=39,"F",IF(Q19<=49,"P",IF(Q19<=54,"C",IF(Q19<=59,"B",IF(Q19<=69,"B+",IF(Q19<=79,"A",IF(Q19<=89,"A+","O")))))))) -> F | U19: =R19*S19 -> 0 | Z19: =SUM(W19:X19) -> 0 | AA19: 3 | AB19: =IF(X19<=17,"0",IF(Z19<=39,"0",IF(Z19<=49,"4",IF(Z19<=54,"5",IF(Z19<=59,"6",IF(Z19<=69,"7",IF(Z19<=79,"8",IF(Z19<=89,"9","10")))))))) -> 0 | AC19: =IF(X19<=17,"F",IF(Z19<=39,"F",IF(Z19<=49,"P",IF(Z19<=54,"C",IF(Z19<=59,"B",IF(Z19<=69,"B+",IF(Z19<=79,"A",IF(Z19<=89,"A+","O")))))))) -> F | AD19: =AA19*AB19 -> 0 | AI19: =SUM(AF19:AG19) -> 0 | AJ19: 3 | AK19: =IF(AG19<=17,"0",IF(AI19<=39,"0",IF(AI19<=49,"4",IF(AI19<=54,"5",IF(AI19<=59,"6",IF(AI19<=69,"7",IF(AI19<=79,"8",IF(AI19<=89,"9","10")))))))) -> 0 | AL19: =IF(AG19<=17,"F",IF(AI19<=39,"F",IF(AI19<=49,"P",IF(AI19<=54,"C",IF(AI19<=59,"B",IF(AI19<=69,"B+",IF(AI19<=79,"A",IF(AI19<=89,"A+","O")))))))) -> F | AM19: =AJ19*AK19 -> 0 | AR19: =(AO19+AP19) -> 0 | AS19: 3 | AT19: =IF(AP19<=17,"0",IF(AR19<=39,"0",IF(AR19<=49,"4",IF(AR19<=54,"5",IF(AR19<=59,"6",IF(AR19<=69,"7",IF(AR19<=79,"8",IF(AR19<=89,"9","10")))))))) -> 0 | AU19: =IF(AP19<=17,"F",IF(AR19<=39,"F",IF(AR19<=49,"P",IF(AR19<=54,"C",IF(AR19<=59,"B",IF(AR19<=69,"B+",IF(AR19<=79,"A",IF(AR19<=89,"A+","O")))))))) -> F | AV19: =AS19*AT19 -> 0 | BA19: =(AX19+AY19) -> 0 | BB19: 1 | BC19: =IF(AY19<=17,"0",IF(BA19<=39,"0",IF(BA19<=49,"4",IF(BA19<=54,"5",IF(BA19<=59,"6",IF(BA19<=69,"7",IF(BA19<=79,"8",IF(BA19<=89,"9","10")))))))) -> 0 | BD19: =IF(AY19<=17,"F",IF(BA19<=39,"F",IF(BA19<=49,"P",IF(BA19<=54,"C",IF(BA19<=59,"B",IF(BA19<=69,"B+",IF(BA19<=79,"A",IF(BA19<=89,"A+","O")))))))) -> F | BE19: =BB19*BC19 -> 0 | BF19: Samskrutika Kannada | BJ19: =(BG19+BH19) -> 0 | BK19: 1 | BL19: =IF(BH19<=17,"0",IF(BJ19<=39,"0",IF(BJ19<=49,"4",IF(BJ19<=54,"5",IF(BJ19<=59,"6",IF(BJ19<=69,"7",IF(BJ19<=79,"8",IF(BJ19<=89,"9","10")))))))) -> 0 | BM19: =IF(BH19<=17,"F",IF(BJ19<=39,"F",IF(BJ19<=49,"P",IF(BJ19<=54,"C",IF(BJ19<=59,"B",IF(BJ19<=69,"B+",IF(BJ19<=79,"A",IF(BJ19<=89,"A+","O")))))))) -> F | BN19: =BK19*BL19 -> 0 | BS19: =(BP19+BQ19) -> 0 | BT19: 1 | BU19: =IF(BQ19<=17,"0",IF(BS19<=39,"0",IF(BS19<=49,"4",IF(BS19<=54,"5",IF(BS19<=59,"6",IF(BS19<=69,"7",IF(BS19<=79,"8",IF(BS19<=89,"9","10")))))))) -> 0 | BV19: =IF(BQ19<=17,"F",IF(BS19<=39,"F",IF(BS19<=49,"P",IF(BS19<=54,"C",IF(BS19<=59,"B",IF(BS19<=69,"B+",IF(BS19<=79,"A",IF(BS19<=89,"A+","O")))))))) -> F | BW19: =BT19*BU19 -> 0 | BZ19: =L19+U19+AD19+AM19+AV19+BE19+BN19+BW19 -> 0 | CA19: =BZ19/20 -> 0 | CB19: =IF(CA19<4,"F",IF(BV19="F","F",IF(BM19="F","F",IF(BD19="F","F",IF(AU19="F","F",IF(AL19="F","F",IF(AC19="F","F",IF(T19="F","F",IF(K19="F","F",IF(CA19<=5,"C",IF(CA19<6,"B",IF(CA19<7,"B+",IF(CA19<8,"A",IF(CA19<=9,"A+","O")))))))))))))) -> F | CC19: =CA19*9.5 -> 0 | CE19: =SUM(BS19,BJ19,BA19,AR19,AI19,Z19,Q19,H19) -> 0 | CF19: =(CE19/800)*100 -> 0 | CI19: =IF(CA19<=4,"F",IF(CA19<=6,"PASS",IF(CA19<=6.5,"SC",IF(CA19<=7.5,"FC",IF(CA19<="10","FCD"))))) -> F
A20: =A19+1 -> 13 | B20: 1BI23CD013 | C20: CHETHAN S | D20: D | H20: =SUM(E20:F20) -> 0 | I20: 4 | J20: =IF(F20<=17,"0",IF(H20<=39,"0",IF(H20<=49,"4",IF(H20<=54,"5",IF(H20<=59,"6",IF(H20<=69,"7",IF(H20<=79,"8",IF(H20<=89,"9","10")))))))) -> 0 | K20: =IF(F20<=17,"F",IF(H20<=39,"F",IF(H20<=49,"P",IF(H20<=54,"C",IF(H20<=59,"B",IF(H20<=69,"B+",IF(H20<=79,"A",IF(H20<=89,"A+","O")))))))) -> F | L20: =I20*J20 -> 0 | Q20: =SUM(N20:O20) -> 0 | R20: 4 | S20: =IF(O20<=17,"0",IF(Q20<=39,"4",IF(Q20<=49,"4",IF(Q20<=54,"5",IF(Q20<=59,"6",IF(Q20<=69,"7",IF(Q20<=79,"8",IF(Q20<=89,"9","10")))))))) -> 0 | T20: =IF(O20<=17,"F",IF(Q20<=39,"F",IF(Q20<=49,"P",IF(Q20<=54,"C",IF(Q20<=59,"B",IF(Q20<=69,"B+",IF(Q20<=79,"A",IF(Q20<=89,"A+","O")))))))) -> F | U20: =R20*S20 -> 0 | Z20: =SUM(W20:X20) -> 0 | AA20: 3 | AB20: =IF(X20<=17,"0",IF(Z20<=39,"0",IF(Z20<=49,"4",IF(Z20<=54,"5",IF(Z20<=59,"6",IF(Z20<=69,"7",IF(Z20<=79,"8",IF(Z20<=89,"9","10")))))))) -> 0 | AC20: =IF(X20<=17,"F",IF(Z20<=39,"F",IF(Z20<=49,"P",IF(Z20<=54,"C",IF(Z20<=59,"B",IF(Z20<=69,"B+",IF(Z20<=79,"A",IF(Z20<=89,"A+","O")))))))) -> F | AD20: =AA20*AB20 -> 0 | AI20: =SUM(AF20:AG20) -> 0 | AJ20: 3 | AK20: =IF(AG20<=17,"0",IF(AI20<=39,"0",IF(AI20<=49,"4",IF(AI20<=54,"5",IF(AI20<=59,"6",IF(AI20<=69,"7",IF(AI20<=79,"8",IF(AI20<=89,"9","10")))))))) -> 0 | AL20: =IF(AG20<=17,"F",IF(AI20<=39,"F",IF(AI20<=49,"P",IF(AI20<=54,"C",IF(AI20<=59,"B",IF(AI20<=69,"B+",IF(AI20<=79,"A",IF(AI20<=89,"A+","O")))))))) -> F | AM20: =AJ20*AK20 -> 0 | AR20: =(AO20+AP20) -> 0 | AS20: 3 | AT20: =IF(AP20<=17,"0",IF(AR20<=39,"0",IF(AR20<=49,"4",IF(AR20<=54,"5",IF(AR20<=59,"6",IF(AR20<=69,"7",IF(AR20<=79,"8",IF(AR20<=89,"9","10")))))))) -> 0 | AU20: =IF(AP20<=17,"F",IF(AR20<=39,"F",IF(AR20<=49,"P",IF(AR20<=54,"C",IF(AR20<=59,"B",IF(AR20<=69,"B+",IF(AR20<=79,"A",IF(AR20<=89,"A+","O")))))))) -> F | AV20: =AS20*AT20 -> 0 | BA20: =(AX20+AY20) -> 0 | BB20: 1 | BC20: =IF(AY20<=17,"0",IF(BA20<=39,"0",IF(BA20<=49,"4",IF(BA20<=54,"5",IF(BA20<=59,"6",IF(BA20<=69,"7",IF(BA20<=79,"8",IF(BA20<=89,"9","10")))))))) -> 0 | BD20: =IF(AY20<=17,"F",IF(BA20<=39,"F",IF(BA20<=49,"P",IF(BA20<=54,"C",IF(BA20<=59,"B",IF(BA20<=69,"B+",IF(BA20<=79,"A",IF(BA20<=89,"A+","O")))))))) -> F | BE20: =BB20*BC20 -> 0 | BF20: Balake Kannada | BJ20: =(BG20+BH20) -> 0 | BK20: 1 | BL20: =IF(BH20<=17,"0",IF(BJ20<=39,"0",IF(BJ20<=49,"4",IF(BJ20<=54,"5",IF(BJ20<=59,"6",IF(BJ20<=69,"7",IF(BJ20<=79,"8",IF(BJ20<=89,"9","10")))))))) -> 0 | BM20: =IF(BH20<=17,"F",IF(BJ20<=39,"F",IF(BJ20<=49,"P",IF(BJ20<=54,"C",IF(BJ20<=59,"B",IF(BJ20<=69,"B+",IF(BJ20<=79,"A",IF(BJ20<=89,"A+","O")))))))) -> F | BN20: =BK20*BL20 -> 0 | BS20: =(BP20+BQ20) -> 0 | BT20: 1 | BU20: =IF(BQ20<=17,"0",IF(BS20<=39,"0",IF(BS20<=49,"4",IF(BS20<=54,"5",IF(BS20<=59,"6",IF(BS20<=69,"7",IF(BS20<=79,"8",IF(BS20<=89,"9","10")))))))) -> 0 | BV20: =IF(BQ20<=17,"F",IF(BS20<=39,"F",IF(BS20<=49,"P",IF(BS20<=54,"C",IF(BS20<=59,"B",IF(BS20<=69,"B+",IF(BS20<=79,"A",IF(BS20<=89,"A+","O")))))))) -> F | BW20: =BT20*BU20 -> 0 | BZ20: =L20+U20+AD20+AM20+AV20+BE20+BN20+BW20 -> 0 | CA20: =BZ20/20 -> 0 | CB20: =IF(CA20<4,"F",IF(BV20="F","F",IF(BM20="F","F",IF(BD20="F","F",IF(AU20="F","F",IF(AL20="F","F",IF(AC20="F","F",IF(T20="F","F",IF(K20="F","F",IF(CA20<=5,"C",IF(CA20<6,"B",IF(CA20<7,"B+",IF(CA20<8,"A",IF(CA20<=9,"A+","O")))))))))))))) -> F | CC20: =CA20*9.5 -> 0 | CE20: =SUM(BS20,BJ20,BA20,AR20,AI20,Z20,Q20,H20) -> 0 | CF20: =(CE20/800)*100 -> 0 | CI20: =IF(CA20<=4,"F",IF(CA20<=6,"PASS",IF(CA20<=6.5,"SC",IF(CA20<=7.5,"FC",IF(CA20<="10","FCD"))))) -> F
A21: =A20+1 -> 14 | B21: 1BI23CD014 | C21: DARSHITH C M | D21: D | H21: =SUM(E21:F21) -> 0 | I21: 4 | J21: =IF(F21<=17,"0",IF(H21<=39,"0",IF(H21<=49,"4",IF(H21<=54,"5",IF(H21<=59,"6",IF(H21<=69,"7",IF(H21<=79,"8",IF(H21<=89,"9","10")))))))) -> 0 | K21: =IF(F21<=17,"F",IF(H21<=39,"F",IF(H21<=49,"P",IF(H21<=54,"C",IF(H21<=59,"B",IF(H21<=69,"B+",IF(H21<=79,"A",IF(H21<=89,"A+","O")))))))) -> F | L21: =I21*J21 -> 0 | Q21: =SUM(N21:O21) -> 0 | R21: 4 | S21: =IF(O21<=17,"0",IF(Q21<=39,"4",IF(Q21<=49,"4",IF(Q21<=54,"5",IF(Q21<=59,"6",IF(Q21<=69,"7",IF(Q21<=79,"8",IF(Q21<=89,"9","10")))))))) -> 0 | T21: =IF(O21<=17,"F",IF(Q21<=39,"F",IF(Q21<=49,"P",IF(Q21<=54,"C",IF(Q21<=59,"B",IF(Q21<=69,"B+",IF(Q21<=79,"A",IF(Q21<=89,"A+","O")))))))) -> F | U21: =R21*S21 -> 0 | Z21: =SUM(W21:X21) -> 0 | AA21: 3 | AB21: =IF(X21<=17,"0",IF(Z21<=39,"0",IF(Z21<=49,"4",IF(Z21<=54,"5",IF(Z21<=59,"6",IF(Z21<=69,"7",IF(Z21<=79,"8",IF(Z21<=89,"9","10")))))))) -> 0 | AC21: =IF(X21<=17,"F",IF(Z21<=39,"F",IF(Z21<=49,"P",IF(Z21<=54,"C",IF(Z21<=59,"B",IF(Z21<=69,"B+",IF(Z21<=79,"A",IF(Z21<=89,"A+","O")))))))) -> F | AD21: =AA21*AB21 -> 0 | AI21: =SUM(AF21:AG21) -> 0 | AJ21: 3 | AK21: =IF(AG21<=17,"0",IF(AI21<=39,"0",IF(AI21<=49,"4",IF(AI21<=54,"5",IF(AI21<=59,"6",IF(AI21<=69,"7",IF(AI21<=79,"8",IF(AI21<=89,"9","10")))))))) -> 0 | AL21: =IF(AG21<=17,"F",IF(AI21<=39,"F",IF(AI21<=49,"P",IF(AI21<=54,"C",IF(AI21<=59,"B",IF(AI21<=69,"B+",IF(AI21<=79,"A",IF(AI21<=89,"A+","O")))))))) -> F | AM21: =AJ21*AK21 -> 0 | AR21: =(AO21+AP21) -> 0 | AS21: 3 | AT21: =IF(AP21<=17,"0",IF(AR21<=39,"0",IF(AR21<=49,"4",IF(AR21<=54,"5",IF(AR21<=59,"6",IF(AR21<=69,"7",IF(AR21<=79,"8",IF(AR21<=89,"9","10")))))))) -> 0 | AU21: =IF(AP21<=17,"F",IF(AR21<=39,"F",IF(AR21<=49,"P",IF(AR21<=54,"C",IF(AR21<=59,"B",IF(AR21<=69,"B+",IF(AR21<=79,"A",IF(AR21<=89,"A+","O")))))))) -> F | AV21: =AS21*AT21 -> 0 | BA21: =(AX21+AY21) -> 0 | BB21: 1 | BC21: =IF(AY21<=17,"0",IF(BA21<=39,"0",IF(BA21<=49,"4",IF(BA21<=54,"5",IF(BA21<=59,"6",IF(BA21<=69,"7",IF(BA21<=79,"8",IF(BA21<=89,"9","10")))))))) -> 0 | BD21: =IF(AY21<=17,"F",IF(BA21<=39,"F",IF(BA21<=49,"P",IF(BA21<=54,"C",IF(BA21<=59,"B",IF(BA21<=69,"B+",IF(BA21<=79,"A",IF(BA21<=89,"A+","O")))))))) -> F | BE21: =BB21*BC21 -> 0 | BF21: Balake Kannada | BJ21: =(BG21+BH21) -> 0 | BK21: 1 | BL21: =IF(BH21<=17,"0",IF(BJ21<=39,"0",IF(BJ21<=49,"4",IF(BJ21<=54,"5",IF(BJ21<=59,"6",IF(BJ21<=69,"7",IF(BJ21<=79,"8",IF(BJ21<=89,"9","10")))))))) -> 0 | BM21: =IF(BH21<=17,"F",IF(BJ21<=39,"F",IF(BJ21<=49,"P",IF(BJ21<=54,"C",IF(BJ21<=59,"B",IF(BJ21<=69,"B+",IF(BJ21<=79,"A",IF(BJ21<=89,"A+","O")))))))) -> F | BN21: =BK21*BL21 -> 0 | BS21: =(BP21+BQ21) -> 0 | BT21: 1 | BU21: =IF(BQ21<=17,"0",IF(BS21<=39,"0",IF(BS21<=49,"4",IF(BS21<=54,"5",IF(BS21<=59,"6",IF(BS21<=69,"7",IF(BS21<=79,"8",IF(BS21<=89,"9","10")))))))) -> 0 | BV21: =IF(BQ21<=17,"F",IF(BS21<=39,"F",IF(BS21<=49,"P",IF(BS21<=54,"C",IF(BS21<=59,"B",IF(BS21<=69,"B+",IF(BS21<=79,"A",IF(BS21<=89,"A+","O")))))))) -> F | BW21: =BT21*BU21 -> 0 | BZ21: =L21+U21+AD21+AM21+AV21+BE21+BN21+BW21 -> 0 | CA21: =BZ21/20 -> 0 | CB21: =IF(CA21<4,"F",IF(BV21="F","F",IF(BM21="F","F",IF(BD21="F","F",IF(AU21="F","F",IF(AL21="F","F",IF(AC21="F","F",IF(T21="F","F",IF(K21="F","F",IF(CA21<=5,"C",IF(CA21<6,"B",IF(CA21<7,"B+",IF(CA21<8,"A",IF(CA21<=9,"A+","O")))))))))))))) -> F | CC21: =CA21*9.5 -> 0 | CE21: =SUM(BS21,BJ21,BA21,AR21,AI21,Z21,Q21,H21) -> 0 | CF21: =(CE21/800)*100 -> 0 | CI21: =IF(CA21<=4,"F",IF(CA21<=6,"PASS",IF(CA21<=6.5,"SC",IF(CA21<=7.5,"FC",IF(CA21<="10","FCD"))))) -> F
A22: =A21+1 -> 15 | B22: 1BI23CD015 | C22: DEEKSHA R S | D22: D | H22: =SUM(E22:F22) -> 0 | I22: 4 | J22: =IF(F22<=17,"0",IF(H22<=39,"0",IF(H22<=49,"4",IF(H22<=54,"5",IF(H22<=59,"6",IF(H22<=69,"7",IF(H22<=79,"8",IF(H22<=89,"9","10")))))))) -> 0 | K22: =IF(F22<=17,"F",IF(H22<=39,"F",IF(H22<=49,"P",IF(H22<=54,"C",IF(H22<=59,"B",IF(H22<=69,"B+",IF(H22<=79,"A",IF(H22<=89,"A+","O")))))))) -> F | L22: =I22*J22 -> 0 | Q22: =SUM(N22:O22) -> 0 | R22: 4 | S22: =IF(O22<=17,"0",IF(Q22<=39,"4",IF(Q22<=49,"4",IF(Q22<=54,"5",IF(Q22<=59,"6",IF(Q22<=69,"7",IF(Q22<=79,"8",IF(Q22<=89,"9","10")))))))) -> 0 | T22: =IF(O22<=17,"F",IF(Q22<=39,"F",IF(Q22<=49,"P",IF(Q22<=54,"C",IF(Q22<=59,"B",IF(Q22<=69,"B+",IF(Q22<=79,"A",IF(Q22<=89,"A+","O")))))))) -> F | U22: =R22*S22 -> 0 | Z22: =SUM(W22:X22) -> 0 | AA22: 3 | AB22: =IF(X22<=17,"0",IF(Z22<=39,"0",IF(Z22<=49,"4",IF(Z22<=54,"5",IF(Z22<=59,"6",IF(Z22<=69,"7",IF(Z22<=79,"8",IF(Z22<=89,"9","10")))))))) -> 0 | AC22: =IF(X22<=17,"F",IF(Z22<=39,"F",IF(Z22<=49,"P",IF(Z22<=54,"C",IF(Z22<=59,"B",IF(Z22<=69,"B+",IF(Z22<=79,"A",IF(Z22<=89,"A+","O")))))))) -> F | AD22: =AA22*AB22 -> 0 | AI22: =SUM(AF22:AG22) -> 0 | AJ22: 3 | AK22: =IF(AG22<=17,"0",IF(AI22<=39,"0",IF(AI22<=49,"4",IF(AI22<=54,"5",IF(AI22<=59,"6",IF(AI22<=69,"7",IF(AI22<=79,"8",IF(AI22<=89,"9","10")))))))) -> 0 | AL22: =IF(AG22<=17,"F",IF(AI22<=39,"F",IF(AI22<=49,"P",IF(AI22<=54,"C",IF(AI22<=59,"B",IF(AI22<=69,"B+",IF(AI22<=79,"A",IF(AI22<=89,"A+","O")))))))) -> F | AM22: =AJ22*AK22 -> 0 | AR22: =(AO22+AP22) -> 0 | AS22: 3 | AT22: =IF(AP22<=17,"0",IF(AR22<=39,"0",IF(AR22<=49,"4",IF(AR22<=54,"5",IF(AR22<=59,"6",IF(AR22<=69,"7",IF(AR22<=79,"8",IF(AR22<=89,"9","10")))))))) -> 0 | AU22: =IF(AP22<=17,"F",IF(AR22<=39,"F",IF(AR22<=49,"P",IF(AR22<=54,"C",IF(AR22<=59,"B",IF(AR22<=69,"B+",IF(AR22<=79,"A",IF(AR22<=89,"A+","O")))))))) -> F | AV22: =AS22*AT22 -> 0 | BA22: =(AX22+AY22) -> 0 | BB22: 1 | BC22: =IF(AY22<=17,"0",IF(BA22<=39,"0",IF(BA22<=49,"4",IF(BA22<=54,"5",IF(BA22<=59,"6",IF(BA22<=69,"7",IF(BA22<=79,"8",IF(BA22<=89,"9","10")))))))) -> 0 | BD22: =IF(AY22<=17,"F",IF(BA22<=39,"F",IF(BA22<=49,"P",IF(BA22<=54,"C",IF(BA22<=59,"B",IF(BA22<=69,"B+",IF(BA22<=79,"A",IF(BA22<=89,"A+","O")))))))) -> F | BE22: =BB22*BC22 -> 0 | BF22: Samskrutika Kannada | BJ22: =(BG22+BH22) -> 0 | BK22: 1 | BL22: =IF(BH22<=17,"0",IF(BJ22<=39,"0",IF(BJ22<=49,"4",IF(BJ22<=54,"5",IF(BJ22<=59,"6",IF(BJ22<=69,"7",IF(BJ22<=79,"8",IF(BJ22<=89,"9","10")))))))) -> 0 | BM22: =IF(BH22<=17,"F",IF(BJ22<=39,"F",IF(BJ22<=49,"P",IF(BJ22<=54,"C",IF(BJ22<=59,"B",IF(BJ22<=69,"B+",IF(BJ22<=79,"A",IF(BJ22<=89,"A+","O")))))))) -> F | BN22: =BK22*BL22 -> 0 | BS22: =(BP22+BQ22) -> 0 | BT22: 1 | BU22: =IF(BQ22<=17,"0",IF(BS22<=39,"0",IF(BS22<=49,"4",IF(BS22<=54,"5",IF(BS22<=59,"6",IF(BS22<=69,"7",IF(BS22<=79,"8",IF(BS22<=89,"9","10")))))))) -> 0 | BV22: =IF(BQ22<=17,"F",IF(BS22<=39,"F",IF(BS22<=49,"P",IF(BS22<=54,"C",IF(BS22<=59,"B",IF(BS22<=69,"B+",IF(BS22<=79,"A",IF(BS22<=89,"A+","O")))))))) -> F | BW22: =BT22*BU22 -> 0 | BZ22: =L22+U22+AD22+AM22+AV22+BE22+BN22+BW22 -> 0 | CA22: =BZ22/20 -> 0 | CB22: =IF(CA22<4,"F",IF(BV22="F","F",IF(BM22="F","F",IF(BD22="F","F",IF(AU22="F","F",IF(AL22="F","F",IF(AC22="F","F",IF(T22="F","F",IF(K22="F","F",IF(CA22<=5,"C",IF(CA22<6,"B",IF(CA22<7,"B+",IF(CA22<8,"A",IF(CA22<=9,"A+","O")))))))))))))) -> F | CC22: =CA22*9.5 -> 0 | CE22: =SUM(BS22,BJ22,BA22,AR22,AI22,Z22,Q22,H22) -> 0 | CF22: =(CE22/800)*100 -> 0 | CI22: =IF(CA22<=4,"F",IF(CA22<=6,"PASS",IF(CA22<=6.5,"SC",IF(CA22<=7.5,"FC",IF(CA22<="10","FCD"))))) -> F
A23: =A22+1 -> 16 | B23: 1BI23CD016 | C23: ESHWAR R J | D23: D | H23: =SUM(E23:F23) -> 0 | I23: 4 | J23: =IF(F23<=17,"0",IF(H23<=39,"0",IF(H23<=49,"4",IF(H23<=54,"5",IF(H23<=59,"6",IF(H23<=69,"7",IF(H23<=79,"8",IF(H23<=89,"9","10")))))))) -> 0 | K23: =IF(F23<=17,"F",IF(H23<=39,"F",IF(H23<=49,"P",IF(H23<=54,"C",IF(H23<=59,"B",IF(H23<=69,"B+",IF(H23<=79,"A",IF(H23<=89,"A+","O")))))))) -> F | L23: =I23*J23 -> 0 | Q23: =SUM(N23:O23) -> 0 | R23: 4 | S23: =IF(O23<=17,"0",IF(Q23<=39,"4",IF(Q23<=49,"4",IF(Q23<=54,"5",IF(Q23<=59,"6",IF(Q23<=69,"7",IF(Q23<=79,"8",IF(Q23<=89,"9","10")))))))) -> 0 | T23: =IF(O23<=17,"F",IF(Q23<=39,"F",IF(Q23<=49,"P",IF(Q23<=54,"C",IF(Q23<=59,"B",IF(Q23<=69,"B+",IF(Q23<=79,"A",IF(Q23<=89,"A+","O")))))))) -> F | U23: =R23*S23 -> 0 | Z23: =SUM(W23:X23) -> 0 | AA23: 3 | AB23: =IF(X23<=17,"0",IF(Z23<=39,"0",IF(Z23<=49,"4",IF(Z23<=54,"5",IF(Z23<=59,"6",IF(Z23<=69,"7",IF(Z23<=79,"8",IF(Z23<=89,"9","10")))))))) -> 0 | AC23: =IF(X23<=17,"F",IF(Z23<=39,"F",IF(Z23<=49,"P",IF(Z23<=54,"C",IF(Z23<=59,"B",IF(Z23<=69,"B+",IF(Z23<=79,"A",IF(Z23<=89,"A+","O")))))))) -> F | AD23: =AA23*AB23 -> 0 | AI23: =SUM(AF23:AG23) -> 0 | AJ23: 3 | AK23: =IF(AG23<=17,"0",IF(AI23<=39,"0",IF(AI23<=49,"4",IF(AI23<=54,"5",IF(AI23<=59,"6",IF(AI23<=69,"7",IF(AI23<=79,"8",IF(AI23<=89,"9","10")))))))) -> 0 | AL23: =IF(AG23<=17,"F",IF(AI23<=39,"F",IF(AI23<=49,"P",IF(AI23<=54,"C",IF(AI23<=59,"B",IF(AI23<=69,"B+",IF(AI23<=79,"A",IF(AI23<=89,"A+","O")))))))) -> F | AM23: =AJ23*AK23 -> 0 | AR23: =(AO23+AP23) -> 0 | AS23: 3 | AT23: =IF(AP23<=17,"0",IF(AR23<=39,"0",IF(AR23<=49,"4",IF(AR23<=54,"5",IF(AR23<=59,"6",IF(AR23<=69,"7",IF(AR23<=79,"8",IF(AR23<=89,"9","10")))))))) -> 0 | AU23: =IF(AP23<=17,"F",IF(AR23<=39,"F",IF(AR23<=49,"P",IF(AR23<=54,"C",IF(AR23<=59,"B",IF(AR23<=69,"B+",IF(AR23<=79,"A",IF(AR23<=89,"A+","O")))))))) -> F | AV23: =AS23*AT23 -> 0 | BA23: =(AX23+AY23) -> 0 | BB23: 1 | BC23: =IF(AY23<=17,"0",IF(BA23<=39,"0",IF(BA23<=49,"4",IF(BA23<=54,"5",IF(BA23<=59,"6",IF(BA23<=69,"7",IF(BA23<=79,"8",IF(BA23<=89,"9","10")))))))) -> 0 | BD23: =IF(AY23<=17,"F",IF(BA23<=39,"F",IF(BA23<=49,"P",IF(BA23<=54,"C",IF(BA23<=59,"B",IF(BA23<=69,"B+",IF(BA23<=79,"A",IF(BA23<=89,"A+","O")))))))) -> F | BE23: =BB23*BC23 -> 0 | BF23: Balake Kannada | BJ23: =(BG23+BH23) -> 0 | BK23: 1 | BL23: =IF(BH23<=17,"0",IF(BJ23<=39,"0",IF(BJ23<=49,"4",IF(BJ23<=54,"5",IF(BJ23<=59,"6",IF(BJ23<=69,"7",IF(BJ23<=79,"8",IF(BJ23<=89,"9","10")))))))) -> 0 | BM23: =IF(BH23<=17,"F",IF(BJ23<=39,"F",IF(BJ23<=49,"P",IF(BJ23<=54,"C",IF(BJ23<=59,"B",IF(BJ23<=69,"B+",IF(BJ23<=79,"A",IF(BJ23<=89,"A+","O")))))))) -> F | BN23: =BK23*BL23 -> 0 | BS23: =(BP23+BQ23) -> 0 | BT23: 1 | BU23: =IF(BQ23<=17,"0",IF(BS23<=39,"0",IF(BS23<=49,"4",IF(BS23<=54,"5",IF(BS23<=59,"6",IF(BS23<=69,"7",IF(BS23<=79,"8",IF(BS23<=89,"9","10")))))))) -> 0 | BV23: =IF(BQ23<=17,"F",IF(BS23<=39,"F",IF(BS23<=49,"P",IF(BS23<=54,"C",IF(BS23<=59,"B",IF(BS23<=69,"B+",IF(BS23<=79,"A",IF(BS23<=89,"A+","O")))))))) -> F | BW23: =BT23*BU23 -> 0 | BZ23: =L23+U23+AD23+AM23+AV23+BE23+BN23+BW23 -> 0 | CA23: =BZ23/20 -> 0 | CB23: =IF(CA23<4,"F",IF(BV23="F","F",IF(BM23="F","F",IF(BD23="F","F",IF(AU23="F","F",IF(AL23="F","F",IF(AC23="F","F",IF(T23="F","F",IF(K23="F","F",IF(CA23<=5,"C",IF(CA23<6,"B",IF(CA23<7,"B+",IF(CA23<8,"A",IF(CA23<=9,"A+","O")))))))))))))) -> F | CC23: =CA23*9.5 -> 0 | CE23: =SUM(BS23,BJ23,BA23,AR23,AI23,Z23,Q23,H23) -> 0 | CF23: =(CE23/800)*100 -> 0 | CI23: =IF(CA23<=4,"F",IF(CA23<=6,"PASS",IF(CA23<=6.5,"SC",IF(CA23<=7.5,"FC",IF(CA23<="10","FCD"))))) -> F
... A61: =A60+1 -> 54 | B61: 1BI23CD054 | C61: VANKA SASHANK | D61: D | H61: =SUM(E61:F61) -> 0 | I61: 4 | J61: =IF(F61<=17,"0",IF(H61<=39,"0",IF(H61<=49,"4",IF(H61<=54,"5",IF(H61<=59,"6",IF(H61<=69,"7",IF(H61<=79,"8",IF(H61<=89,"9","10")))))))) -> 0 | K61: =IF(F61<=17,"F",IF(H61<=39,"F",IF(H61<=49,"P",IF(H61<=54,"C",IF(H61<=59,"B",IF(H61<=69,"B+",IF(H61<=79,"A",IF(H61<=89,"A+","O")))))))) -> F | L61: =I61*J61 -> 0 | Q61: =SUM(N61:O61) -> 0 | R61: 4 | S61: =IF(O61<=17,"0",IF(Q61<=39,"4",IF(Q61<=49,"4",IF(Q61<=54,"5",IF(Q61<=59,"6",IF(Q61<=69,"7",IF(Q61<=79,"8",IF(Q61<=89,"9","10")))))))) -> 0 | T61: =IF(O61<=17,"F",IF(Q61<=39,"F",IF(Q61<=49,"P",IF(Q61<=54,"C",IF(Q61<=59,"B",IF(Q61<=69,"B+",IF(Q61<=79,"A",IF(Q61<=89,"A+","O")))))))) -> F | U61: =R61*S61 -> 0 | Z61: =SUM(W61:X61) -> 0 | AA61: 3 | AB61: =IF(X61<=17,"0",IF(Z61<=39,"0",IF(Z61<=49,"4",IF(Z61<=54,"5",IF(Z61<=59,"6",IF(Z61<=69,"7",IF(Z61<=79,"8",IF(Z61<=89,"9","10")))))))) -> 0 | AC61: =IF(X61<=17,"F",IF(Z61<=39,"F",IF(Z61<=49,"P",IF(Z61<=54,"C",IF(Z61<=59,"B",IF(Z61<=69,"B+",IF(Z61<=79,"A",IF(Z61<=89,"A+","O")))))))) -> F | AD61: =AA61*AB61 -> 0 | AI61: =SUM(AF61:AG61) -> 0 | AJ61: 3 | AK61: =IF(AG61<=17,"0",IF(AI61<=39,"0",IF(AI61<=49,"4",IF(AI61<=54,"5",IF(AI61<=59,"6",IF(AI61<=69,"7",IF(AI61<=79,"8",IF(AI61<=89,"9","10")))))))) -> 0 | AL61: =IF(AG61<=17,"F",IF(AI61<=39,"F",IF(AI61<=49,"P",IF(AI61<=54,"C",IF(AI61<=59,"B",IF(AI61<=69,"B+",IF(AI61<=79,"A",IF(AI61<=89,"A+","O")))))))) -> F | AM61: =AJ61*AK61 -> 0 | AR61: =(AO61+AP61) -> 0 | AS61: 3 | AT61: =IF(AP61<=17,"0",IF(AR61<=39,"0",IF(AR61<=49,"4",IF(AR61<=54,"5",IF(AR61<=59,"6",IF(AR61<=69,"7",IF(AR61<=79,"8",IF(AR61<=89,"9","10")))))))) -> 0 | AU61: =IF(AP61<=17,"F",IF(AR61<=39,"F",IF(AR61<=49,"P",IF(AR61<=54,"C",IF(AR61<=59,"B",IF(AR61<=69,"B+",IF(AR61<=79,"A",IF(AR61<=89,"A+","O")))))))) -> F | AV61: =AS61*AT61 -> 0 | BA61: =(AX61+AY61) -> 0 | BB61: 1 | BC61: =IF(AY61<=17,"0",IF(BA61<=39,"0",IF(BA61<=49,"4",IF(BA61<=54,"5",IF(BA61<=59,"6",IF(BA61<=69,"7",IF(BA61<=79,"8",IF(BA61<=89,"9","10")))))))) -> 0 | BD61: =IF(AY61<=17,"F",IF(BA61<=39,"F",IF(BA61<=49,"P",IF(BA61<=54,"C",IF(BA61<=59,"B",IF(BA61<=69,"B+",IF(BA61<=79,"A",IF(BA61<=89,"A+","O")))))))) -> F | BE61: =BB61*BC61 -> 0 | BF61: Samskrutika Kannada | BJ61: =(BG61+BH61) -> 0 | BK61: 1 | BL61: =IF(BH61<=17,"0",IF(BJ61<=39,"0",IF(BJ61<=49,"4",IF(BJ61<=54,"5",IF(BJ61<=59,"6",IF(BJ61<=69,"7",IF(BJ61<=79,"8",IF(BJ61<=89,"9","10")))))))) -> 0 | BM61: =IF(BH61<=17,"F",IF(BJ61<=39,"F",IF(BJ61<=49,"P",IF(BJ61<=54,"C",IF(BJ61<=59,"B",IF(BJ61<=69,"B+",IF(BJ61<=79,"A",IF(BJ61<=89,"A+","O")))))))) -> F | BN61: =BK61*BL61 -> 0 | BS61: =(BP61+BQ61) -> 0 | BT61: 1 | BU61: =IF(BQ61<=17,"0",IF(BS61<=39,"0",IF(BS61<=49,"4",IF(BS61<=54,"5",IF(BS61<=59,"6",IF(BS61<=69,"7",IF(BS61<=79,"8",IF(BS61<=89,"9","10")))))))) -> 0 | BV61: =IF(BQ61<=17,"F",IF(BS61<=39,"F",IF(BS61<=49,"P",IF(BS61<=54,"C",IF(BS61<=59,"B",IF(BS61<=69,"B+",IF(BS61<=79,"A",IF(BS61<=89,"A+","O")))))))) -> F | BW61: =BT61*BU61 -> 0 | BZ61: =L61+U61+AD61+AM61+AV61+BE61+BN61+BW61 -> 0 | CA61: =BZ61/20 -> 0 | CB61: =IF(CA61<4,"F",IF(BV61="F","F",IF(BM61="F","F",IF(BD61="F","F",IF(AU61="F","F",IF(AL61="F","F",IF(AC61="F","F",IF(T61="F","F",IF(K61="F","F",IF(CA61<=5,"C",IF(CA61<6,"B",IF(CA61<7,"B+",IF(CA61<8,"A",IF(CA61<=9,"A+","O")))))))))))))) -> F | CC61: =CA61*9.5 -> 0 | CE61: =SUM(BS61,BJ61,BA61,AR61,AI61,Z61,Q61,H61) -> 0 | CF61: =(CE61/800)*100 -> 0 | CI61: =IF(CA61<=4,"F",IF(CA61<=6,"PASS",IF(CA61<=6.5,"SC",IF(CA61<=7.5,"FC",IF(CA61<="10","FCD"))))) -> F
A62: 55 | B62: 1BI23CD055 | C62: VISHAL S | D62: D | H62: =SUM(E62:F62) -> 0 | I62: 4 | J62: =IF(F62<=17,"0",IF(H62<=39,"0",IF(H62<=49,"4",IF(H62<=54,"5",IF(H62<=59,"6",IF(H62<=69,"7",IF(H62<=79,"8",IF(H62<=89,"9","10")))))))) -> 0 | K62: =IF(F62<=17,"F",IF(H62<=39,"F",IF(H62<=49,"P",IF(H62<=54,"C",IF(H62<=59,"B",IF(H62<=69,"B+",IF(H62<=79,"A",IF(H62<=89,"A+","O")))))))) -> F | L62: =I62*J62 -> 0 | Q62: =SUM(N62:O62) -> 0 | R62: 4 | S62: =IF(O62<=17,"0",IF(Q62<=39,"4",IF(Q62<=49,"4",IF(Q62<=54,"5",IF(Q62<=59,"6",IF(Q62<=69,"7",IF(Q62<=79,"8",IF(Q62<=89,"9","10")))))))) -> 0 | T62: =IF(O62<=17,"F",IF(Q62<=39,"F",IF(Q62<=49,"P",IF(Q62<=54,"C",IF(Q62<=59,"B",IF(Q62<=69,"B+",IF(Q62<=79,"A",IF(Q62<=89,"A+","O")))))))) -> F | U62: =R62*S62 -> 0 | Z62: =SUM(W62:X62) -> 0 | AA62: 3 | AB62: =IF(X62<=17,"0",IF(Z62<=39,"0",IF(Z62<=49,"4",IF(Z62<=54,"5",IF(Z62<=59,"6",IF(Z62<=69,"7",IF(Z62<=79,"8",IF(Z62<=89,"9","10")))))))) -> 0 | AC62: =IF(X62<=17,"F",IF(Z62<=39,"F",IF(Z62<=49,"P",IF(Z62<=54,"C",IF(Z62<=59,"B",IF(Z62<=69,"B+",IF(Z62<=79,"A",IF(Z62<=89,"A+","O")))))))) -> F | AD62: =AA62*AB62 -> 0 | AI62: =SUM(AF62:AG62) -> 0 | AJ62: 3 | AK62: =IF(AG62<=17,"0",IF(AI62<=39,"0",IF(AI62<=49,"4",IF(AI62<=54,"5",IF(AI62<=59,"6",IF(AI62<=69,"7",IF(AI62<=79,"8",IF(AI62<=89,"9","10")))))))) -> 0 | AL62: =IF(AG62<=17,"F",IF(AI62<=39,"F",IF(AI62<=49,"P",IF(AI62<=54,"C",IF(AI62<=59,"B",IF(AI62<=69,"B+",IF(AI62<=79,"A",IF(AI62<=89,"A+","O")))))))) -> F | AM62: =AJ62*AK62 -> 0 | AR62: =(AO62+AP62) -> 0 | AS62: 3 | AT62: =IF(AP62<=17,"0",IF(AR62<=39,"0",IF(AR62<=49,"4",IF(AR62<=54,"5",IF(AR62<=59,"6",IF(AR62<=69,"7",IF(AR62<=79,"8",IF(AR62<=89,"9","10")))))))) -> 0 | AU62: =IF(AP62<=17,"F",IF(AR62<=39,"F",IF(AR62<=49,"P",IF(AR62<=54,"C",IF(AR62<=59,"B",IF(AR62<=69,"B+",IF(AR62<=79,"A",IF(AR62<=89,"A+","O")))))))) -> F | AV62: =AS62*AT62 -> 0 | BA62: =(AX62+AY62) -> 0 | BB62: 1 | BC62: =IF(AY62<=17,"0",IF(BA62<=39,"0",IF(BA62<=49,"4",IF(BA62<=54,"5",IF(BA62<=59,"6",IF(BA62<=69,"7",IF(BA62<=79,"8",IF(BA62<=89,"9","10")))))))) -> 0 | BD62: =IF(AY62<=17,"F",IF(BA62<=39,"F",IF(BA62<=49,"P",IF(BA62<=54,"C",IF(BA62<=59,"B",IF(BA62<=69,"B+",IF(BA62<=79,"A",IF(BA62<=89,"A+","O")))))))) -> F | BE62: =BB62*BC62 -> 0 | BF62: Samskrutika Kannada | BJ62: =(BG62+BH62) -> 0 | BK62: 1 | BL62: =IF(BH62<=17,"0",IF(BJ62<=39,"0",IF(BJ62<=49,"4",IF(BJ62<=54,"5",IF(BJ62<=59,"6",IF(BJ62<=69,"7",IF(BJ62<=79,"8",IF(BJ62<=89,"9","10")))))))) -> 0 | BM62: =IF(BH62<=17,"F",IF(BJ62<=39,"F",IF(BJ62<=49,"P",IF(BJ62<=54,"C",IF(BJ62<=59,"B",IF(BJ62<=69,"B+",IF(BJ62<=79,"A",IF(BJ62<=89,"A+","O")))))))) -> F | BN62: =BK62*BL62 -> 0 | BS62: =(BP62+BQ62) -> 0 | BT62: 1 | BU62: =IF(BQ62<=17,"0",IF(BS62<=39,"0",IF(BS62<=49,"4",IF(BS62<=54,"5",IF(BS62<=59,"6",IF(BS62<=69,"7",IF(BS62<=79,"8",IF(BS62<=89,"9","10")))))))) -> 0 | BV62: =IF(BQ62<=17,"F",IF(BS62<=39,"F",IF(BS62<=49,"P",IF(BS62<=54,"C",IF(BS62<=59,"B",IF(BS62<=69,"B+",IF(BS62<=79,"A",IF(BS62<=89,"A+","O")))))))) -> F | BW62: =BT62*BU62 -> 0 | BZ62: =L62+U62+AD62+AM62+AV62+BE62+BN62+BW62 -> 0 | CA62: =BZ62/20 -> 0 | CB62: =IF(CA62<4,"F",IF(BV62="F","F",IF(BM62="F","F",IF(BD62="F","F",IF(AU62="F","F",IF(AL62="F","F",IF(AC62="F","F",IF(T62="F","F",IF(K62="F","F",IF(CA62<=5,"C",IF(CA62<6,"B",IF(CA62<7,"B+",IF(CA62<8,"A",IF(CA62<=9,"A+","O")))))))))))))) -> F | CC62: =CA62*9.5 -> 0 | CE62: =SUM(BS62,BJ62,BA62,AR62,AI62,Z62,Q62,H62) -> 0 | CF62: =(CE62/800)*100 -> 0 | CI62: =IF(CA62<=4,"F",IF(CA62<=6,"PASS",IF(CA62<=6.5,"SC",IF(CA62<=7.5,"FC",IF(CA62<="10","FCD"))))) -> F
A63: 56 | B63: 1BI23CD056 | C63: vishwa | D63: D | H63: =SUM(E63:F63) -> 0 | I63: 4 | J63: =IF(F63<=17,"0",IF(H63<=39,"0",IF(H63<=49,"4",IF(H63<=54,"5",IF(H63<=59,"6",IF(H63<=69,"7",IF(H63<=79,"8",IF(H63<=89,"9","10")))))))) -> 0 | K63: =IF(F63<=17,"F",IF(H63<=39,"F",IF(H63<=49,"P",IF(H63<=54,"C",IF(H63<=59,"B",IF(H63<=69,"B+",IF(H63<=79,"A",IF(H63<=89,"A+","O")))))))) -> F | L63: =I63*J63 -> 0 | Q63: =SUM(N63:O63) -> 0 | R63: 4 | S63: =IF(O63<=17,"0",IF(Q63<=39,"4",IF(Q63<=49,"4",IF(Q63<=54,"5",IF(Q63<=59,"6",IF(Q63<=69,"7",IF(Q63<=79,"8",IF(Q63<=89,"9","10")))))))) -> 0 | T63: =IF(O63<=17,"F",IF(Q63<=39,"F",IF(Q63<=49,"P",IF(Q63<=54,"C",IF(Q63<=59,"B",IF(Q63<=69,"B+",IF(Q63<=79,"A",IF(Q63<=89,"A+","O")))))))) -> F | U63: =R63*S63 -> 0 | Z63: =SUM(W63:X63) -> 0 | AA63: 3 | AB63: =IF(X63<=17,"0",IF(Z63<=39,"0",IF(Z63<=49,"4",IF(Z63<=54,"5",IF(Z63<=59,"6",IF(Z63<=69,"7",IF(Z63<=79,"8",IF(Z63<=89,"9","10")))))))) -> 0 | AC63: =IF(X63<=17,"F",IF(Z63<=39,"F",IF(Z63<=49,"P",IF(Z63<=54,"C",IF(Z63<=59,"B",IF(Z63<=69,"B+",IF(Z63<=79,"A",IF(Z63<=89,"A+","O")))))))) -> F | AD63: =AA63*AB63 -> 0 | AI63: =SUM(AF63:AG63) -> 0 | AJ63: 3 | AK63: =IF(AG63<=17,"0",IF(AI63<=39,"0",IF(AI63<=49,"4",IF(AI63<=54,"5",IF(AI63<=59,"6",IF(AI63<=69,"7",IF(AI63<=79,"8",IF(AI63<=89,"9","10")))))))) -> 0 | AL63: =IF(AG63<=17,"F",IF(AI63<=39,"F",IF(AI63<=49,"P",IF(AI63<=54,"C",IF(AI63<=59,"B",IF(AI63<=69,"B+",IF(AI63<=79,"A",IF(AI63<=89,"A+","O")))))))) -> F | AM63: =AJ63*AK63 -> 0 | AR63: =(AO63+AP63) -> 0 | AS63: 3 | AT63: =IF(AP63<=17,"0",IF(AR63<=39,"0",IF(AR63<=49,"4",IF(AR63<=54,"5",IF(AR63<=59,"6",IF(AR63<=69,"7",IF(AR63<=79,"8",IF(AR63<=89,"9","10")))))))) -> 0 | AU63: =IF(AP63<=17,"F",IF(AR63<=39,"F",IF(AR63<=49,"P",IF(AR63<=54,"C",IF(AR63<=59,"B",IF(AR63<=69,"B+",IF(AR63<=79,"A",IF(AR63<=89,"A+","O")))))))) -> F | AV63: =AS63*AT63 -> 0 | BA63: =(AX63+AY63) -> 0 | BB63: 1 | BC63: =IF(AY63<=17,"0",IF(BA63<=39,"0",IF(BA63<=49,"4",IF(BA63<=54,"5",IF(BA63<=59,"6",IF(BA63<=69,"7",IF(BA63<=79,"8",IF(BA63<=89,"9","10")))))))) -> 0 | BD63: =IF(AY63<=17,"F",IF(BA63<=39,"F",IF(BA63<=49,"P",IF(BA63<=54,"C",IF(BA63<=59,"B",IF(BA63<=69,"B+",IF(BA63<=79,"A",IF(BA63<=89,"A+","O")))))))) -> F | BE63: =BB63*BC63 -> 0 | BF63: Balake Kannada | BJ63: =(BG63+BH63) -> 0 | BK63: 1 | BL63: =IF(BH63<=17,"0",IF(BJ63<=39,"0",IF(BJ63<=49,"4",IF(BJ63<=54,"5",IF(BJ63<=59,"6",IF(BJ63<=69,"7",IF(BJ63<=79,"8",IF(BJ63<=89,"9","10")))))))) -> 0 | BM63: =IF(BH63<=17,"F",IF(BJ63<=39,"F",IF(BJ63<=49,"P",IF(BJ63<=54,"C",IF(BJ63<=59,"B",IF(BJ63<=69,"B+",IF(BJ63<=79,"A",IF(BJ63<=89,"A+","O")))))))) -> F | BN63: =BK63*BL63 -> 0 | BS63: =(BP63+BQ63) -> 0 | BT63: 1 | BU63: =IF(BQ63<=17,"0",IF(BS63<=39,"0",IF(BS63<=49,"4",IF(BS63<=54,"5",IF(BS63<=59,"6",IF(BS63<=69,"7",IF(BS63<=79,"8",IF(BS63<=89,"9","10")))))))) -> 0 | BV63: =IF(BQ63<=17,"F",IF(BS63<=39,"F",IF(BS63<=49,"P",IF(BS63<=54,"C",IF(BS63<=59,"B",IF(BS63<=69,"B+",IF(BS63<=79,"A",IF(BS63<=89,"A+","O")))))))) -> F | BW63: =BT63*BU63 -> 0 | BZ63: =L63+U63+AD63+AM63+AV63+BE63+BN63+BW63 -> 0 | CA63: =BZ63/20 -> 0 | CB63: =IF(CA63<4,"F",IF(BV63="F","F",IF(BM63="F","F",IF(BD63="F","F",IF(AU63="F","F",IF(AL63="F","F",IF(AC63="F","F",IF(T63="F","F",IF(K63="F","F",IF(CA63<=5,"C",IF(CA63<6,"B",IF(CA63<7,"B+",IF(CA63<8,"A",IF(CA63<=9,"A+","O")))))))))))))) -> F | CC63: =CA63*9.5 -> 0 | CE63: =SUM(BS63,BJ63,BA63,AR63,AI63,Z63,Q63,H63) -> 0 | CF63: =(CE63/800)*100 -> 0 | CI63: =IF(CA63<=4,"F",IF(CA63<=6,"PASS",IF(CA63<=6.5,"SC",IF(CA63<=7.5,"FC",IF(CA63<="10","FCD"))))) -> F
E64: Mathematics for CSE Stream -II | N64: Chemistry for CSE Stream | W64: Computer-Aided Engineering Drawing | AF64: Introduction to Electronics Engineering | AO64: Introduction to Python Programming | AX64: Professional Writing Skills in English | BG64: Samskrutika Kannada / Balake Kannada | BP64: Scientific Foundations of Health
C65: Total No. of | J65: O | K65: =COUNTIF(K8:K63,"O") -> 0 | S65: O | T65: =COUNTIF(T8:T63,"O") -> 0 | AB65: O | AC65: =COUNTIF(AC8:AC63,"O") -> 0 | AK65: O | AL65: =COUNTIF(AL8:AL63,"O") -> 0 | AT65: O | AU65: =COUNTIF(AU8:AU63,"O") -> 0 | BC65: O | BD65: =COUNTIF(BD8:BD63,"O") -> 0 | BL65: O | BM65: =COUNTIF(BM8:BM63,"O") -> 0 | BU65: O | BV65: =COUNTIF(BV8:BV63,"O") -> 0 | CA65: O | CB65: =COUNTIF(CB8:CB63,"O") -> 0 | CH65: FCD | CI65: =COUNTIF(CI8:CI63,"FCD") -> 0
C66: Total No. of | J66: A+ | K66: =COUNTIF(K8:K63,"A+") -> 1 | S66: A+ | T66: =COUNTIF(T8:T63,"A+") -> 0 | AB66: A+ | AC66: =COUNTIF(AC8:AC63,"A+") -> 0 | AK66: A+ | AL66: =COUNTIF(AL8:AL63,"A+") -> 0 | AT66: A+ | AU66: =COUNTIF(AU8:AU63,"A+") -> 0 | BC66: A+ | BD66: =COUNTIF(BD8:BD63,"A+") -> 0 | BL66: A+ | BM66: =COUNTIF(BM8:BM63,"A+") -> 0 | BU66: A+ | BV66: =COUNTIF(BV8:BV63,"A+") -> 0 | CA66: A+ | CB66: =COUNTIF(CB8:CB63,"A+") -> 0 | CH66: FC | CI66: =COUNTIF(CI8:CI63,"FC") -> 0
C67: Total No. of | J67: A | K67: =COUNTIF(K8:K63,"A") -> 0 | S67: A | T67: =COUNTIF(T8:T63,"A") -> 0 | AB67: A | AC67: =COUNTIF(AC8:AC63,"A") -> 0 | AK67: A | AL67: =COUNTIF(AL8:AL63,"A") -> 0 | AT67: A | AU67: =COUNTIF(AU8:AU63,"A") -> 0 | BC67: A | BD67: =COUNTIF(BD8:BD63,"A") -> 0 | BL67: A | BM67: =COUNTIF(BM8:BM63,"A") -> 0 | BU67: A | BV67: =COUNTIF(BV8:BV63,"A") -> 0 | CA67: A | CB67: =COUNTIF(CB8:CB63,"A") -> 0 | CH67: SC | CI67: =COUNTIF(CI8:CI63,"SC") -> 0
C68: Total No. of | J68: B+ | K68: =COUNTIF(K8:K63,"B+") -> 0 | S68: B+ | T68: =COUNTIF(T8:T63,"B+") -> 0 | AB68: B+ | AC68: =COUNTIF(AC8:AC63,"B+") -> 0 | AK68: B+ | AL68: =COUNTIF(AL8:AL63,"B+") -> 0 | AT68: B+ | AU68: =COUNTIF(AU8:AU63,"B+") -> 0 | BC68: B+ | BD68: =COUNTIF(BD8:BD63,"B+") -> 0 | BL68: B+ | BM68: =COUNTIF(BM8:BM63,"B+") -> 0 | BU68: B+ | BV68: =COUNTIF(BV8:BV63,"B+") -> 0 | CA68: B+ | CB68: =COUNTIF(CB8:CB63,"B+") -> 0 | CH68: PASS | CI68: =COUNTIF(CI8:CI63,"PASS") -> 0
C69: Total No. of | J69: B | K69: =COUNTIF(K8:K63,"B") -> 0 | S69: B | T69: =COUNTIF(T8:T63,"B") -> 0 | AB69: B | AC69: =COUNTIF(AC8:AC63,"B") -> 0 | AK69: B | AL69: =COUNTIF(AL8:AL63,"B") -> 0 | AT69: B | AU69: =COUNTIF(AU8:AU63,"B") -> 0 | BC69: B | BD69: =COUNTIF(BD8:BD63,"B") -> 0 | BL69: B | BM69: =COUNTIF(BM8:BM63,"B") -> 0 | BU69: B | BV69: =COUNTIF(BV8:BV63,"B") -> 0 | CA69: B | CB69: =COUNTIF(CB8:CB63,"B") -> 0 | CH69: FAIL | CI69: =COUNTIF(CI8:CI63,"F") -> 56
C70: Total No. of | J70: C | K70: =COUNTIF(K8:K63,"C") -> 0 | S70: C | T70: =COUNTIF(T8:T63,"C") -> 0 | AB70: C | AC70: =COUNTIF(AC8:AC63,"C") -> 0 | AK70: C | AL70: =COUNTIF(AL8:AL63,"C") -> 0 | AT70: C | AU70: =COUNTIF(AU8:AU63,"C") -> 0 | BC70: C | BD70: =COUNTIF(BD8:BD63,"C") -> 0 | BL70: C | BM70: =COUNTIF(BM8:BM63,"C") -> 0 | BU70: C | BV70: =COUNTIF(BV8:BV63,"C") -> 0 | CA70: C | CB70: =COUNTIF(CB8:CB63,"C") -> 0
C71: Total No. of | J71: P | K71: =COUNTIF(K8:K63,"P") -> 0 | S71: P | T71: =COUNTIF(T8:T63,"P") -> 0 | AB71: P | AC71: =COUNTIF(AC8:AC63,"P") -> 0 | AK71: P | AL71: =COUNTIF(AL8:AL63,"P") -> 0 | AT71: P | AU71: =COUNTIF(AU8:AU63,"P") -> 0 | BC71: P | BD71: =COUNTIF(BD8:BD63,"P") -> 0 | BL71: P | BM71: =COUNTIF(BM8:BM63,"P") -> 0 | BU71: P | BV71: =COUNTIF(BV8:BV63,"P") -> 0 | CA71: P | CB71: =COUNTIF(CB8:CB63,"P") -> 0
C72: Total No. of | J72: F | K72: =COUNTIF(K8:K63,"F") -> 55 | S72: F | T72: =COUNTIF(T8:T63,"F") -> 56 | AB72: F | AC72: =COUNTIF(AC8:AC63,"F") -> 56 | AK72: F | AL72: =COUNTIF(AL8:AL63,"F") -> 56 | AT72: F | AU72: =COUNTIF(AU8:AU63,"F") -> 56 | BC72: F | BD72: =COUNTIF(BD8:BD63,"F") -> 56 | BL72: F | BM72: =COUNTIF(BM8:BM63,"F") -> 56 | BU72: F | BV72: =COUNTIF(BV8:BV63,"F") -> 56 | CA72: F | CB72: =COUNTIF(CB8:CB63,"F") -> 56
C73: Total No. of | J73: AB | K73: =COUNTIF(K8:K63,"AB") -> 0 | S73: AB | T73: =COUNTIF(T8:T63,"AB") -> 0 | AB73: AB | AC73: =COUNTIF(AC8:AC63,"AB") -> 0 | AK73: AB | AL73: =COUNTIF(AL8:AL63,"AB") -> 0 | AT73: AB | AU73: =COUNTIF(AU8:AU63,"AB") -> 0 | BC73: AB | BD73: =COUNTIF(BD8:BD63,"AB") -> 0 | BL73: AB | BM73: =COUNTIF(BM8:BM63,"AB") -> 0 | BU73: AB | BV73: =COUNTIF(BV8:BV63,"AB") -> 0 | CA73: AB | CB73: =COUNTIF(CB8:CB63,"AB") -> 0
C75: Total No. of Students Appeared | K75: 63 | T75: 63 | AC75: 63 | AL75: 63 | AU75: 63 | BD75: 63 | BM75: 63 | BV75: 63 | CB75: 63
C76: Total No. of Students Passed | K76: =K75-K72 -> 8 | T76: =T75-T72 -> 7 | AC76: =AC75-AC72 -> 7 | AL76: =AL75-AL72 -> 7 | AU76: =AU75-AU72 -> 7 | BD76: =BD75-BD72 -> 7 | BM76: =BM75-BM72 -> 7 | BV76: =BV75-BV72 -> 7 | CB76: =CB75-CB72 -> 7

Sheet SubjectWise
A1: BANGALORE INSTITUTE OF TECHNOLOGY
A2: (Affiliated to Visvesvaraya Technological University, Belagavi, Recognised by AICTE, New Delhi) K.R. Road, V.V. Pura, Bengaluru – 560 004. Phone: 26613237/26615865 Fax: 22426796
A3: Department of CSE-Data Science
A5: Subject Wise Result Analysis of Second Semester 2022 Batch Examination for the Academic year 2022-23 (Sep/Oct 2023)
A7: Sl. No. | B7: Course Code | C7: Course Name | D7: TOTAL | E7: APP | F7: O% | G7: A+% | H7: A% | I7: B+% | J7: B% | K7: C% | L7: P% | M7: F% | N7: Absent | O7: TOTAL PASS | P7: TOTAL PERCENTAGE
A8: 1 | B8: BMATS201 | C8: Mathematics for CSE Stream-II | D8: 63 | E8: 63 | F8: =OverallResult!K65 -> 0 | G8: =OverallResult!K66 -> 1 | H8: =OverallResult!K67 -> 0 | I8: =OverallResult!K68 -> 0 | J8: =OverallResult!K69 -> 0 | K8: =OverallResult!K70 -> 0 | L8: =OverallResult!K71 -> 0 | M8: =OverallResult!K72 -> 55 | N8: =OverallResult!K73 -> 0 | O8: =OverallResult!K76 -> 8 | P8: =(O8/63)*100 -> 12.698413
A9: 2 | B9: BCHES202 | C9: Chemistry for CSE Stream | D9: 63 | E9: 63 | F9: =OverallResult!T65 -> 0 | G9: =OverallResult!T66 -> 0 | H9: =OverallResult!T67 -> 0 | I9: =OverallResult!T68 -> 0 | J9: =OverallResult!T69 -> 0 | K9: =OverallResult!T70 -> 0 | L9: =OverallResult!T71 -> 0 | M9: =OverallResult!T72 -> 56 | N9: =OverallResult!T73 -> 0 | O9: =OverallResult!T76 -> 7 | P9: =(O9/63)*100 -> 11.111111
A10: 3 | B10: BCEDK203 | C10: Computer-Aided Engineering Drawing | D10: 63 | E10: 63 | F10: =OverallResult!AC65 -> 0 | G10: =OverallResult!AC66 -> 0 | H10: =OverallResult!AC67 -> 0 | I10: =OverallResult!AC68 -> 0 | J10: =OverallResult!AC69 -> 0 | K10: =OverallResult!AC70 -> 0 | L10: =OverallResult!AC71 -> 0 | M10: =OverallResult!AC72 -> 56 | N10: =OverallResult!AC73 -> 0 | O10: =OverallResult!AC76 -> 7 | P10: =(O10/63)*100 -> 11.111111
A11: 4 | B11: BESCK204C | C11: Introduction to Electronics Engineering | D11: 63 | E11: 63 | F11: =OverallResult!AL65 -> 0 | G11: =OverallResult!AL66 -> 0 | H11: =OverallResult!AL67 -> 0 | I11: =OverallResult!AL68 -> 0 | J11: =OverallResult!AL69 -> 0 | K11: =OverallResult!AL70 -> 0 | L11: =OverallResult!AL71 -> 0 | M11: =OverallResult!AL72 -> 56 | N11: =OverallResult!AL73 -> 0 | O11: =OverallResult!AL76 -> 7 | P11: =(O11/63)*100 -> 11.111111
A12: 5 | B12: BPLCK205B | C12: Introduction to Python Programming | D12: 63 | E12: 63 | F12: =OverallResult!AU65 -> 0 | G12: =OverallResult!AU66 -> 0 | H12: =OverallResult!AU67 -> 0 | I12: =OverallResult!AU68 -> 0 | J12: =OverallResult!AU69 -> 0 | K12: =OverallResult!AU70 -> 0 | L12: =OverallResult!AU71 -> 0 | M12: =OverallResult!AU72 -> 56 | N12: =OverallResult!AU73 -> 0 | O12: =OverallResult!AU76 -> 7 | P12: =(O12/63)*100 -> 11.111111
A13: 6 | B13: BPWSK206 | C13: Professional Writing Skills in English | D13: 63 | E13: 63 | F13: =OverallResult!BD65 -> 0 | G13: =OverallResult!BD66 -> 0 | H13: =OverallResult!BD67 -> 0 | I13: =OverallResult!BD68 -> 0 | J13: =OverallResult!BD69 -> 0 | K13: =OverallResult!BD70 -> 0 | L13: =OverallResult!BD71 -> 0 | M13: =OverallResult!BD72 -> 56 | N13: =OverallResult!BD73 -> 0 | O13: =OverallResult!BD76 -> 7 | P13: =(O13/63)*100 -> 11.111111
A14: 7 | B14: BKSKK207 | C14: Samskrutika Kannada | D14: 39 | E14: 39 | F14: 2 | G14: 17 | H14: 16 | I14: 4 | J14: 0 | K14: 0 | L14: 0 | M14: 0 | N14: 0 | O14: 39 | P14: =(O14/39)*100 -> 100
B15: BKBKK207 | C15: Balake Kannada | D15: 24 | E15: 24 | F15: 19 | G15: 4 | H15: 1 | I15: 0 | J15: =OverallResult!BM69 -> 0 | K15: =OverallResult!BM70 -> 0 | L15: =OverallResult!BM71 -> 0 | M15: =OverallResult!BM72 -> 56 | N15: =OverallResult!BM73 -> 0 | O15: 24 | P15: =(O15/24)*100 -> 100
A16: 8 | B16: BSFHK258 | C16: Scientific Foundations of Health | D16: 63 | E16: 63 | F16: =OverallResult!BV65 -> 0 | G16: =OverallResult!BV66 -> 0 | H16: =OverallResult!BV67 -> 0 | I16: =OverallResult!BV68 -> 0 | J16: =OverallResult!BV69 -> 0 | K16: =OverallResult!BV70 -> 0 | L16: =OverallResult!BV71 -> 0 | M16: =OverallResult!BV72 -> 56 | N16: =OverallResult!BV73 -> 0 | O16: =OverallResult!BV76 -> 7 | P16: =(O16/63)*100 -> 11.111111
N41: HOD, CSE-DATA SCIENCE

Sheet FinalResult
B1: BANGALORE INSTITUTE OF TECHNOLOGY
B2: (Affiliated to Visvesvaraya Technological University, Belagavi, Recognised by AICTE, New Delhi) K.R. Road, V.V. Pura, Bengaluru – 560 004. Phone: 26613237/26615865 Fax: 22426796
B3: Department of CSE-Data Science
B5: Overall Result Analysis of Second Semester 2022 Batch Examination for the Academic year 2022-23 (Sep/Oct 2023)
C7: TOTAL STUDENTS | D7: TOTAL NO OF STUDENTS APPEARED IN ALL SUBJECTS | E7: TOTAL O | F7: TOTAL A+ | G7: TOTAL A | H7: TOTAL B+ | I7: TOTAL B | J7: TOTAL C | K7: TOTAL P | L7: TOTAL FAIL | M7: TOTAL PASS
C8: =OverallResult!CB75 -> 63 | D8: 63 | E8: =OverallResult!CB65 -> 0 | F8: =OverallResult!CB66 -> 0 | G8: =OverallResult!CB67 -> 0 | H8: =OverallResult!CB68 -> 0 | I8: =OverallResult!CB69 -> 0 | J8: =OverallResult!CB70 -> 0 | K8: =OverallResult!CB71 -> 0 | L8: =OverallResult!CB72 -> 56 | M8: =OverallResult!CB76 -> 7
C10: TOTAL STUDENTS | D10: TOTAL NO OF STUDENTS APPEARED IN ALL SUBJECTS | E10: TOTAL O% | F10: TOTAL A+% | G10: TOTAL A% | H10: TOTAL B% | I10: TOTAL B+% | J10: TOTAL C% | K10: TOTAL P% | L10: TOTAL FAIL% | M10: TOTAL PASS%
C11: =C8 -> 63 | D11: 63 | E11: =E8/C8 -> 0 | F11: =F8/C8 -> 0 | G11: =G8/C8 -> 0 | H11: =H8/C8 -> 0 | I11: =I8/D8*100 -> 0 | J11: =J8/D8*100 -> 0 | K11: =K8/D11 -> 0 | L11: =L8/C8 -> 0.88888889 | M11: =M8/C8 -> 0.11111111
L35: HOD, CSE-DATA SCIENCE

Sheet Absentees
A1: BANGALORE INSTITUTE OF TECHNOLOGY
A2: (Affiliated to Visvesvaraya Technological University, Belagavi, Recognised by AICTE, New Delhi) K.R. Road, V.V. Pura, Bengaluru – 560 004. Phone: 26613237/26615865 Fax: 22426796
A3: Department of CSE-Data Science
A6: Absentees List of Second Semester 2022 Batch Examination for the Academic year 2022-23 (Sep/Oct 2023)
A9: NIL
J13: HoD, CSE-DS

Sheet Toppers
A1: BANGALORE INSTITUTE OF TECHNOLOGY
A2: (Affiliated to Visvesvaraya Technological University, Belagavi, Recognised by AICTE, New Delhi) K.R. Road, V.V. Pura, Bengaluru – 560 004. Phone: 26613237/26615865 Fax: 22426796
A3: Provisional Results of Second Semester 2022 Batch Examination for the Academic year 2022-23 (Sep/Oct 2023)
A4: Department of CSE-Data Science
D6: Mathematics for CSE Stream -II (BMATS201) | N6: Chemistry for CSE Stream (BCHES202) | W6: Computer-Aided Engineering Drawing (BCEDK203) | AF6: Introduction to Electronics Communication (BESCK204C) | AO6: Introduction to Python Programming (BPLCK205B) | AX6: Professional Writing Skills in English (BPWSK206) | BG6: Samskrutika Kannada / Balake Kannada (BKSKK207 / BKBKK207) | BP6: Scientific Foundations of Health (BSFHK2058)
A7: Sl.No | B7: USN | C7: Student Name | D7: Section | E7: IN | F7: EX | G7: RV | H7: T | I7: CR | J7: GP | K7: GR | L7: CR*GP | N7: IN | O7: EX | P7: RV | Q7: T | R7: CR | S7: GP | T7: GR | U7: CR*GP | W7: IA | X7: EX | Y7: RV | Z7: T | AA7: CR | AB7: GP | AC7: GR | AD7: CR*GP | AF7: IA | AG7: EX | AH7: RV | AI7: T | AJ7: CR | AK7: GP | AL7: GR | AM7: CR*GP | AO7: IA | AP7: EX | AQ7: RV | AR7: T | AS7: CR | AT7: GP | AU7: GR | AV7: CR*GP | AX7: IA | AY7: EX | AZ7: RV | BA7: T | BB7: CR | BC7: GP | BD7: GR | BE7: CR*GP | BG7: IA | BH7: EX | BI7: RV | BJ7: T | BK7: CR | BL7: GP | BM7: GR | BN7: CR*GP | BP7: IA | BQ7: EX | BR7: RV | BS7: T | BT7: CR | BU7: GP | BV7: GR | BW7: CR*GP | CA7: SGPA | CB7: Final Grade | CC7: Percentage | CE7: Total Marks | CF7: Percentage
A8: =A7+1 -> #VALUE! | B8: 1BI22CD015 | C8: HARSHA K L | D8: D | E8: 50 | F8: 47 | H8: =SUM(E8:F8) -> 97 | I8: 4 | J8: =IF(F8<=17,"0",IF(H8<=39,"0",IF(H8<=49,"4",IF(H8<=54,"5",IF(H8<=59,"6",IF(H8<=69,"7",IF(H8<=79,"8",IF(H8<=89,"9","10")))))))) -> 10 | K8: =IF(F8<=17,"F",IF(H8<=39,"F",IF(H8<=49,"P",IF(H8<=54,"C",IF(H8<=59,"B",IF(H8<=69,"B+",IF(H8<=79,"A",IF(H8<=89,"A+","O")))))))) -> O | L8: =I8*J8 -> 40 | N8: 50 | O8: 44 | Q8: =SUM(N8:O8) -> 94 | R8: 4 | S8: =IF(O8<=17,"0",IF(Q8<=39,"4",IF(Q8<=49,"4",IF(Q8<=54,"5",IF(Q8<=59,"6",IF(Q8<=69,"7",IF(Q8<=79,"8",IF(Q8<=89,"9","10")))))))) -> 10 | T8: =IF(O8<=17,"F",IF(Q8<=39,"F",IF(Q8<=49,"P",IF(Q8<=54,"C",IF(Q8<=59,"B",IF(Q8<=69,"B+",IF(Q8<=79,"A",IF(Q8<=89,"A+","O")))))))) -> O | U8: =R8*S8 -> 40 | W8: 50 | X8: 48 | Z8: =SUM(W8:X8) -> 98 | AA8: 3 | AB8: =IF(X8<=17,"0",IF(Z8<=39,"0",IF(Z8<=49,"4",IF(Z8<=54,"5",IF(Z8<=59,"6",IF(Z8<=69,"7",IF(Z8<=79,"8",IF(Z8<=89,"9","10")))))))) -> 10 | AC8: =IF(X8<=17,"F",IF(Z8<=39,"F",IF(Z8<=49,"P",IF(Z8<=54,"C",IF(Z8<=59,"B",IF(Z8<=69,"B+",IF(Z8<=79,"A",IF(Z8<=89,"A+","O")))))))) -> O | AD8: =AA8*AB8 -> 30 | AF8: 50 | AG8: 42 | AI8: =SUM(AF8:AG8) -> 92 | AJ8: 3 | AK8: =IF(AG8<=17,"0",IF(AI8<=39,"0",IF(AI8<=49,"4",IF(AI8<=54,"5",IF(AI8<=59,"6",IF(AI8<=69,"7",IF(AI8<=79,"8",IF(AI8<=89,"9","10")))))))) -> 10 | AL8: =IF(AG8<=17,"F",IF(AI8<=39,"F",IF(AI8<=49,"P",IF(AI8<=54,"C",IF(AI8<=59,"B",IF(AI8<=69,"B+",IF(AI8<=79,"A",IF(AI8<=89,"A+","O")))))))) -> O | AM8: =AJ8*AK8 -> 30 | AO8: 50 | AP8: 41 | AR8: =(AO8+AP8) -> 91 | AS8: 3 | AT8: =IF(AP8<=17,"0",IF(AR8<=39,"0",IF(AR8<=49,"4",IF(AR8<=54,"5",IF(AR8<=59,"6",IF(AR8<=69,"7",IF(AR8<=79,"8",IF(AR8<=89,"9","10")))))))) -> 10 | AU8: =IF(AP8<=17,"F",IF(AR8<=39,"F",IF(AR8<=49,"P",IF(AR8<=54,"C",IF(AR8<=59,"B",IF(AR8<=69,"B+",IF(AR8<=79,"A",IF(AR8<=89,"A+","O")))))))) -> O | AV8: =AS8*AT8 -> 30 | AX8: 50 | AY8: 36 | BA8: =(AX8+AY8) -> 86 | BB8: 1 | BC8: =IF(AY8<=17,"0",IF(BA8<=39,"0",IF(BA8<=49,"4",IF(BA8<=54,"5",IF(BA8<=59,"6",IF(BA8<=69,"7",IF(BA8<=79,"8",IF(BA8<=89,"9","10")))))))) -> 9 | BD8: =IF(AY8<=17,"F",IF(BA8<=39,"F",IF(BA8<=49,"P",IF(BA8<=54,"C",IF(BA8<=59,"B",IF(BA8<=69,"B+",IF(BA8<=79,"A",IF(BA8<=89,"A+","O")))))))) -> A+ | BE8: =BB8*BC8 -> 9 | BF8: Samskrutika Kannada | BG8: 50 | BH8: 37 | BJ8: =(BG8+BH8) -> 87 | BK8: 1 | BL8: =IF(BH8<=17,"0",IF(BJ8<=39,"0",IF(BJ8<=49,"4",IF(BJ8<=54,"5",IF(BJ8<=59,"6",IF(BJ8<=69,"7",IF(BJ8<=79,"8",IF(BJ8<=89,"9","10")))))))) -> 9 | BM8: =IF(BH8<=17,"F",IF(BJ8<=39,"F",IF(BJ8<=49,"P",IF(BJ8<=54,"C",IF(BJ8<=59,"B",IF(BJ8<=69,"B+",IF(BJ8<=79,"A",IF(BJ8<=89,"A+","O")))))))) -> A+ | BN8: =BK8*BL8 -> 9 | BP8: 50 | BQ8: 43 | BS8: =(BP8+BQ8) -> 93 | BT8: 1 | BU8: =IF(BQ8<=17,"0",IF(BS8<=39,"0",IF(BS8<=49,"4",IF(BS8<=54,"5",IF(BS8<=59,"6",IF(BS8<=69,"7",IF(BS8<=79,"8",IF(BS8<=89,"9","10")))))))) -> 10 | BV8: =IF(BQ8<=17,"F",IF(BS8<=39,"F",IF(BS8<=49,"P",IF(BS8<=54,"C",IF(BS8<=59,"B",IF(BS8<=69,"B+",IF(BS8<=79,"A",IF(BS8<=89,"A+","O")))))))) -> O | BW8: =BT8*BU8 -> 10 | BZ8: =L8+U8+AD8+AM8+AV8+BE8+BN8+BW8 -> 198 | CA8: =BZ8/20 -> 9.9 | CB8: =IF(CA8<4,"F",IF(BV8="F","F",IF(BM8="F","F",IF(BD8="F","F",IF(AU8="F","F",IF(AL8="F","F",IF(AC8="F","F",IF(T8="F","F",IF(K8="F","F",IF(CA8<=5,"C",IF(CA8<6,"B",IF(CA8<7,"B+",IF(CA8<8,"A",IF(CA8<=9,"A+","O")))))))))))))) -> O | CC8: =CA8*9.5 -> 94.05 | CE8: =SUM(BS8,BJ8,BA8,AR8,AI8,Z8,Q8,H8) -> 738 | CF8: =(CE8/800)*100 -> 92.25 | CI8: =IF(CA8<=4,"F",IF(CA8<=6,"PASS",IF(CA8<=6.5,"SC",IF(CA8<=7.5,"FC",IF(CA8<="10","FCD"))))) -> FCD | CJ8: 9.9 | CK8: 9.5
A9: =A8+1 -> #VALUE! | B9: 1BI22CD025 | C9: MITTA THANVITHA | D9: D | E9: 50 | F9: 44 | H9: =SUM(E9:F9) -> 94 | I9: 4 | J9: =IF(F9<=17,"0",IF(H9<=39,"0",IF(H9<=49,"4",IF(H9<=54,"5",IF(H9<=59,"6",IF(H9<=69,"7",IF(H9<=79,"8",IF(H9<=89,"9","10")))))))) -> 10 | K9: =IF(F9<=17,"F",IF(H9<=39,"F",IF(H9<=49,"P",IF(H9<=54,"C",IF(H9<=59,"B",IF(H9<=69,"B+",IF(H9<=79,"A",IF(H9<=89,"A+","O")))))))) -> O | L9: =I9*J9 -> 40 | N9: 50 | O9: 39 | Q9: =SUM(N9:O9) -> 89 | R9: 4 | S9: =IF(O9<=17,"0",IF(Q9<=39,"4",IF(Q9<=49,"4",IF(Q9<=54,"5",IF(Q9<=59,"6",IF(Q9<=69,"7",IF(Q9<=79,"8",IF(Q9<=89,"9","10")))))))) -> 9 | T9: =IF(O9<=17,"F",IF(Q9<=39,"F",IF(Q9<=49,"P",IF(Q9<=54,"C",IF(Q9<=59,"B",IF(Q9<=69,"B+",IF(Q9<=79,"A",IF(Q9<=89,"A+","O")))))))) -> A+ | U9: =R9*S9 -> 36 | W9: 50 | X9: 44 | Z9: =SUM(W9:X9) -> 94 | AA9: 3 | AB9: =IF(X9<=17,"0",IF(Z9<=39,"0",IF(Z9<=49,"4",IF(Z9<=54,"5",IF(Z9<=59,"6",IF(Z9<=69,"7",IF(Z9<=79,"8",IF(Z9<=89,"9","10")))))))) -> 10 | AC9: =IF(X9<=17,"F",IF(Z9<=39,"F",IF(Z9<=49,"P",IF(Z9<=54,"C",IF(Z9<=59,"B",IF(Z9<=69,"B+",IF(Z9<=79,"A",IF(Z9<=89,"A+","O")))))))) -> O | AD9: =AA9*AB9 -> 30 | AF9: 50 | AG9: 42 | AI9: =SUM(AF9:AG9) -> 92 | AJ9: 3 | AK9: =IF(AG9<=17,"0",IF(AI9<=39,"0",IF(AI9<=49,"4",IF(AI9<=54,"5",IF(AI9<=59,"6",IF(AI9<=69,"7",IF(AI9<=79,"8",IF(AI9<=89,"9","10")))))))) -> 10 | AL9: =IF(AG9<=17,"F",IF(AI9<=39,"F",IF(AI9<=49,"P",IF(AI9<=54,"C",IF(AI9<=59,"B",IF(AI9<=69,"B+",IF(AI9<=79,"A",IF(AI9<=89,"A+","O")))))))) -> O | AM9: =AJ9*AK9 -> 30 | AO9: 50 | AP9: 41 | AR9: =(AO9+AP9) -> 91 | AS9: 3 | AT9: =IF(AP9<=17,"0",IF(AR9<=39,"0",IF(AR9<=49,"4",IF(AR9<=54,"5",IF(AR9<=59,"6",IF(AR9<=69,"7",IF(AR9<=79,"8",IF(AR9<=89,"9","10")))))))) -> 10 | AU9: =IF(AP9<=17,"F",IF(AR9<=39,"F",IF(AR9<=49,"P",IF(AR9<=54,"C",IF(AR9<=59,"B",IF(AR9<=69,"B+",IF(AR9<=79,"A",IF(AR9<=89,"A+","O")))))))) -> O | AV9: =AS9*AT9 -> 30 | AX9: 50 | AY9: 31 | BA9: =(AX9+AY9) -> 81 | BB9: 1 | BC9: =IF(AY9<=17,"0",IF(BA9<=39,"0",IF(BA9<=49,"4",IF(BA9<=54,"5",IF(BA9<=59,"6",IF(BA9<=69,"7",IF(BA9<=79,"8",IF(BA9<=89,"9","10")))))))) -> 9 | BD9: =IF(AY9<=17,"F",IF(BA9<=39,"F",IF(BA9<=49,"P",IF(BA9<=54,"C",IF(BA9<=59,"B",IF(BA9<=69,"B+",IF(BA9<=79,"A",IF(BA9<=89,"A+","O")))))))) -> A+ | BE9: =BB9*BC9 -> 9 | BF9: Balake Kannada | BG9: 50 | BH9: 47 | BJ9: =(BG9+BH9) -> 97 | BK9: 1 | BL9: =IF(BH9<=17,"0",IF(BJ9<=39,"0",IF(BJ9<=49,"4",IF(BJ9<=54,"5",IF(BJ9<=59,"6",IF(BJ9<=69,"7",IF(BJ9<=79,"8",IF(BJ9<=89,"9","10")))))))) -> 10 | BM9: =IF(BH9<=17,"F",IF(BJ9<=39,"F",IF(BJ9<=49,"P",IF(BJ9<=54,"C",IF(BJ9<=59,"B",IF(BJ9<=69,"B+",IF(BJ9<=79,"A",IF(BJ9<=89,"A+","O")))))))) -> O | BN9: =BK9*BL9 -> 10 | BP9: 50 | BQ9: 42 | BS9: =(BP9+BQ9) -> 92 | BT9: 1 | BU9: =IF(BQ9<=17,"0",IF(BS9<=39,"0",IF(BS9<=49,"4",IF(BS9<=54,"5",IF(BS9<=59,"6",IF(BS9<=69,"7",IF(BS9<=79,"8",IF(BS9<=89,"9","10")))))))) -> 10 | BV9: =IF(BQ9<=17,"F",IF(BS9<=39,"F",IF(BS9<=49,"P",IF(BS9<=54,"C",IF(BS9<=59,"B",IF(BS9<=69,"B+",IF(BS9<=79,"A",IF(BS9<=89,"A+","O")))))))) -> O | BW9: =BT9*BU9 -> 10 | BZ9: =L9+U9+AD9+AM9+AV9+BE9+BN9+BW9 -> 195 | CA9: =BZ9/20 -> 9.75 | CB9: =IF(CA9<4,"F",IF(BV9="F","F",IF(BM9="F","F",IF(BD9="F","F",IF(AU9="F","F",IF(AL9="F","F",IF(AC9="F","F",IF(T9="F","F",IF(K9="F","F",IF(CA9<=5,"C",IF(CA9<6,"B",IF(CA9<7,"B+",IF(CA9<8,"A",IF(CA9<=9,"A+","O")))))))))))))) -> O | CC9: =CA9*9.5 -> 92.625 | CE9: =SUM(BS9,BJ9,BA9,AR9,AI9,Z9,Q9,H9) -> 730 | CF9: =(CE9/800)*100 -> 91.25 | CI9: =IF(CA9<=4,"F",IF(CA9<=6,"PASS",IF(CA9<=6.5,"SC",IF(CA9<=7.5,"FC",IF(CA9<="10","FCD"))))) -> FCD | CJ9: 9.75 | CK9: 9.3
A10: 63 | B10: 1BI22CD063 | C10: YASHVI BHUWALKA | D10: D | E10: 50 | F10: 50 | H10: =SUM(E10:F10) -> 100 | I10: 4 | J10: =IF(F10<=17,"0",IF(H10<=39,"0",IF(H10<=49,"4",IF(H10<=54,"5",IF(H10<=59,"6",IF(H10<=69,"7",IF(H10<=79,"8",IF(H10<=89,"9","10")))))))) -> 10 | K10: =IF(F10<=17,"F",IF(H10<=39,"F",IF(H10<=49,"P",IF(H10<=54,"C",IF(H10<=59,"B",IF(H10<=69,"B+",IF(H10<=79,"A",IF(H10<=89,"A+","O")))))))) -> O | L10: =I10*J10 -> 40 | N10: 50 | O10: 41 | Q10: =SUM(N10:O10) -> 91 | R10: 4 | S10: =IF(O10<=17,"0",IF(Q10<=39,"4",IF(Q10<=49,"4",IF(Q10<=54,"5",IF(Q10<=59,"6",IF(Q10<=69,"7",IF(Q10<=79,"8",IF(Q10<=89,"9","10")))))))) -> 10 | T10: =IF(O10<=17,"F",IF(Q10<=39,"F",IF(Q10<=49,"P",IF(Q10<=54,"C",IF(Q10<=59,"B",IF(Q10<=69,"B+",IF(Q10<=79,"A",IF(Q10<=89,"A+","O")))))))) -> O | U10: =R10*S10 -> 40 | W10: 50 | X10: 49 | Z10: =SUM(W10:X10) -> 99 | AA10: 3 | AB10: =IF(X10<=17,"0",IF(Z10<=39,"0",IF(Z10<=49,"4",IF(Z10<=54,"5",IF(Z10<=59,"6",IF(Z10<=69,"7",IF(Z10<=79,"8",IF(Z10<=89,"9","10")))))))) -> 10 | AC10: =IF(X10<=17,"F",IF(Z10<=39,"F",IF(Z10<=49,"P",IF(Z10<=54,"C",IF(Z10<=59,"B",IF(Z10<=69,"B+",IF(Z10<=79,"A",IF(Z10<=89,"A+","O")))))))) -> O | AD10: =AA10*AB10 -> 30 | AF10: 50 | AG10: 33 | AI10: =SUM(AF10:AG10) -> 83 | AJ10: 3 | AK10: =IF(AG10<=17,"0",IF(AI10<=39,"0",IF(AI10<=49,"4",IF(AI10<=54,"5",IF(AI10<=59,"6",IF(AI10<=69,"7",IF(AI10<=79,"8",IF(AI10<=89,"9","10")))))))) -> 9 | AL10: =IF(AG10<=17,"F",IF(AI10<=39,"F",IF(AI10<=49,"P",IF(AI10<=54,"C",IF(AI10<=59,"B",IF(AI10<=69,"B+",IF(AI10<=79,"A",IF(AI10<=89,"A+","O")))))))) -> A+ | AM10: =AJ10*AK10 -> 27 | AO10: 50 | AP10: 34 | AR10: =(AO10+AP10) -> 84 | AS10: 3 | AT10: =IF(AP10<=17,"0",IF(AR10<=39,"0",IF(AR10<=49,"4",IF(AR10<=54,"5",IF(AR10<=59,"6",IF(AR10<=69,"7",IF(AR10<=79,"8",IF(AR10<=89,"9","10")))))))) -> 9 | AU10: =IF(AP10<=17,"F",IF(AR10<=39,"F",IF(AR10<=49,"P",IF(AR10<=54,"C",IF(AR10<=59,"B",IF(AR10<=69,"B+",IF(AR10<=79,"A",IF(AR10<=89,"A+","O")))))))) -> A+ | AV10: =AS10*AT10 -> 27 | AX10: 50 | AY10: 41 | BA10: =(AX10+AY10) -> 91 | BB10: 1 | BC10: =IF(AY10<=17,"0",IF(BA10<=39,"0",IF(BA10<=49,"4",IF(BA10<=54,"5",IF(BA10<=59,"6",IF(BA10<=69,"7",IF(BA10<=79,"8",IF(BA10<=89,"9","10")))))))) -> 10 | BD10: =IF(AY10<=17,"F",IF(BA10<=39,"F",IF(BA10<=49,"P",IF(BA10<=54,"C",IF(BA10<=59,"B",IF(BA10<=69,"B+",IF(BA10<=79,"A",IF(BA10<=89,"A+","O")))))))) -> O | BE10: =BB10*BC10 -> 10 | BF10: Balake Kannada | BG10: 50 | BH10: 49 | BJ10: =(BG10+BH10) -> 99 | BK10: 1 | BL10: =IF(BH10<=17,"0",IF(BJ10<=39,"0",IF(BJ10<=49,"4",IF(BJ10<=54,"5",IF(BJ10<=59,"6",IF(BJ10<=69,"7",IF(BJ10<=79,"8",IF(BJ10<=89,"9","10")))))))) -> 10 | BM10: =IF(BH10<=17,"F",IF(BJ10<=39,"F",IF(BJ10<=49,"P",IF(BJ10<=54,"C",IF(BJ10<=59,"B",IF(BJ10<=69,"B+",IF(BJ10<=79,"A",IF(BJ10<=89,"A+","O")))))))) -> O | BN10: =BK10*BL10 -> 10 | BP10: 50 | BQ10: 45 | BS10: =(BP10+BQ10) -> 95 | BT10: 1 | BU10: =IF(BQ10<=17,"0",IF(BS10<=39,"0",IF(BS10<=49,"4",IF(BS10<=54,"5",IF(BS10<=59,"6",IF(BS10<=69,"7",IF(BS10<=79,"8",IF(BS10<=89,"9","10")))))))) -> 10 | BV10: =IF(BQ10<=17,"F",IF(BS10<=39,"F",IF(BS10<=49,"P",IF(BS10<=54,"C",IF(BS10<=59,"B",IF(BS10<=69,"B+",IF(BS10<=79,"A",IF(BS10<=89,"A+","O")))))))) -> O | BW10: =BT10*BU10 -> 10 | BZ10: =L10+U10+AD10+AM10+AV10+BE10+BN10+BW10 -> 194 | CA10: =BZ10/20 -> 9.7 | CB10: =IF(CA10<4,"F",IF(BV10="F","F",IF(BM10="F","F",IF(BD10="F","F",IF(AU10="F","F",IF(AL10="F","F",IF(AC10="F","F",IF(T10="F","F",IF(K10="F","F",IF(CA10<=5,"C",IF(CA10<6,"B",IF(CA10<7,"B+",IF(CA10<8,"A",IF(CA10<=9,"A+","O")))))))))))))) -> O | CC10: =CA10*9.5 -> 92.15 | CE10: =SUM(BS10,BJ10,BA10,AR10,AI10,Z10,Q10,H10) -> 742 | CF10: =(CE10/800)*100 -> 92.75 | CI10: =IF(CA10<=4,"F",IF(CA10<=6,"PASS",IF(CA10<=6.5,"SC",IF(CA10<=7.5,"FC",IF(CA10<="10","FCD"))))) -> FCD | CJ10: 9.7 | CK10: 8.95
A11: =A10+1 -> 64 | B11: 1BI22CD018 | C11: KANNIKA MAHESH D | D11: D | E11: 50 | F11: 45 | H11: =SUM(E11:F11) -> 95 | I11: 4 | J11: =IF(F11<=17,"0",IF(H11<=39,"0",IF(H11<=49,"4",IF(H11<=54,"5",IF(H11<=59,"6",IF(H11<=69,"7",IF(H11<=79,"8",IF(H11<=89,"9","10")))))))) -> 10 | K11: =IF(F11<=17,"F",IF(H11<=39,"F",IF(H11<=49,"P",IF(H11<=54,"C",IF(H11<=59,"B",IF(H11<=69,"B+",IF(H11<=79,"A",IF(H11<=89,"A+","O")))))))) -> O | L11: =I11*J11 -> 40 | N11: 50 | O11: 38 | Q11: =SUM(N11:O11) -> 88 | R11: 4 | S11: =IF(O11<=17,"0",IF(Q11<=39,"4",IF(Q11<=49,"4",IF(Q11<=54,"5",IF(Q11<=59,"6",IF(Q11<=69,"7",IF(Q11<=79,"8",IF(Q11<=89,"9","10")))))))) -> 9 | T11: =IF(O11<=17,"F",IF(Q11<=39,"F",IF(Q11<=49,"P",IF(Q11<=54,"C",IF(Q11<=59,"B",IF(Q11<=69,"B+",IF(Q11<=79,"A",IF(Q11<=89,"A+","O")))))))) -> A+ | U11: =R11*S11 -> 36 | W11: 50 | X11: 47 | Z11: =SUM(W11:X11) -> 97 | AA11: 3 | AB11: =IF(X11<=17,"0",IF(Z11<=39,"0",IF(Z11<=49,"4",IF(Z11<=54,"5",IF(Z11<=59,"6",IF(Z11<=69,"7",IF(Z11<=79,"8",IF(Z11<=89,"9","10")))))))) -> 10 | AC11: =IF(X11<=17,"F",IF(Z11<=39,"F",IF(Z11<=49,"P",IF(Z11<=54,"C",IF(Z11<=59,"B",IF(Z11<=69,"B+",IF(Z11<=79,"A",IF(Z11<=89,"A+","O")))))))) -> O | AD11: =AA11*AB11 -> 30 | AF11: 50 | AG11: 46 | AI11: =SUM(AF11:AG11) -> 96 | AJ11: 3 | AK11: =IF(AG11<=17,"0",IF(AI11<=39,"0",IF(AI11<=49,"4",IF(AI11<=54,"5",IF(AI11<=59,"6",IF(AI11<=69,"7",IF(AI11<=79,"8",IF(AI11<=89,"9","10")))))))) -> 10 | AL11: =IF(AG11<=17,"F",IF(AI11<=39,"F",IF(AI11<=49,"P",IF(AI11<=54,"C",IF(AI11<=59,"B",IF(AI11<=69,"B+",IF(AI11<=79,"A",IF(AI11<=89,"A+","O")))))))) -> O | AM11: =AJ11*AK11 -> 30 | AO11: 50 | AP11: 44 | AR11: =(AO11+AP11) -> 94 | AS11: 3 | AT11: =IF(AP11<=17,"0",IF(AR11<=39,"0",IF(AR11<=49,"4",IF(AR11<=54,"5",IF(AR11<=59,"6",IF(AR11<=69,"7",IF(AR11<=79,"8",IF(AR11<=89,"9","10")))))))) -> 10 | AU11: =IF(AP11<=17,"F",IF(AR11<=39,"F",IF(AR11<=49,"P",IF(AR11<=54,"C",IF(AR11<=59,"B",IF(AR11<=69,"B+",IF(AR11<=79,"A",IF(AR11<=89,"A+","O")))))))) -> O | AV11: =AS11*AT11 -> 30 | AX11: 50 | AY11: 36 | BA11: =(AX11+AY11) -> 86 | BB11: 1 | BC11: =IF(AY11<=17,"0",IF(BA11<=39,"0",IF(BA11<=49,"4",IF(BA11<=54,"5",IF(BA11<=59,"6",IF(BA11<=69,"7",IF(BA11<=79,"8",IF(BA11<=89,"9","10")))))))) -> 9 | BD11: =IF(AY11<=17,"F",IF(BA11<=39,"F",IF(BA11<=49,"P",IF(BA11<=54,"C",IF(BA11<=59,"B",IF(BA11<=69,"B+",IF(BA11<=79,"A",IF(BA11<=89,"A+","O")))))))) -> A+ | BE11: =BB11*BC11 -> 9 | BF11: Samskrutika Kannada | BG11: 50 | BH11: 42 | BJ11: =(BG11+BH11) -> 92 | BK11: 1 | BL11: =IF(BH11<=17,"0",IF(BJ11<=39,"0",IF(BJ11<=49,"4",IF(BJ11<=54,"5",IF(BJ11<=59,"6",IF(BJ11<=69,"7",IF(BJ11<=79,"8",IF(BJ11<=89,"9","10")))))))) -> 10 | BM11: =IF(BH11<=17,"F",IF(BJ11<=39,"F",IF(BJ11<=49,"P",IF(BJ11<=54,"C",IF(BJ11<=59,"B",IF(BJ11<=69,"B+",IF(BJ11<=79,"A",IF(BJ11<=89,"A+","O")))))))) -> O | BN11: =BK11*BL11 -> 10 | BP11: 50 | BQ11: 39 | BS11: =(BP11+BQ11) -> 89 | BT11: 1 | BU11: =IF(BQ11<=17,"0",IF(BS11<=39,"0",IF(BS11<=49,"4",IF(BS11<=54,"5",IF(BS11<=59,"6",IF(BS11<=69,"7",IF(BS11<=79,"8",IF(BS11<=89,"9","10")))))))) -> 9 | BV11: =IF(BQ11<=17,"F",IF(BS11<=39,"F",IF(BS11<=49,"P",IF(BS11<=54,"C",IF(BS11<=59,"B",IF(BS11<=69,"B+",IF(BS11<=79,"A",IF(BS11<=89,"A+","O")))))))) -> A+ | BW11: =BT11*BU11 -> 9 | BZ11: =L11+U11+AD11+AM11+AV11+BE11+BN11+BW11 -> 194 | CA11: =BZ11/20 -> 9.7 | CB11: =IF(CA11<4,"F",IF(BV11="F","F",IF(BM11="F","F",IF(BD11="F","F",IF(AU11="F","F",IF(AL11="F","F",IF(AC11="F","F",IF(T11="F","F",IF(K11="F","F",IF(CA11<=5,"C",IF(CA11<6,"B",IF(CA11<7,"B+",IF(CA11<8,"A",IF(CA11<=9,"A+","O")))))))))))))) -> O | CC11: =CA11*9.5 -> 92.15 | CE11: =SUM(BS11,BJ11,BA11,AR11,AI11,Z11,Q11,H11) -> 737 | CF11: =(CE11/800)*100 -> 92.125 | CI11: =IF(CA11<=4,"F",IF(CA11<=6,"PASS",IF(CA11<=6.5,"SC",IF(CA11<=7.5,"FC",IF(CA11<="10","FCD"))))) -> FCD | CJ11: 9.7 | CK11: 9.15
A12: =A11+1 -> 65 | B12: 1BI22CD045 | C12: SARA TAHOOR | D12: D | E12: 50 | F12: 49 | H12: =SUM(E12:F12) -> 99 | I12: 4 | J12: =IF(F12<=17,"0",IF(H12<=39,"0",IF(H12<=49,"4",IF(H12<=54,"5",IF(H12<=59,"6",IF(H12<=69,"7",IF(H12<=79,"8",IF(H12<=89,"9","10")))))))) -> 10 | K12: =IF(F12<=17,"F",IF(H12<=39,"F",IF(H12<=49,"P",IF(H12<=54,"C",IF(H12<=59,"B",IF(H12<=69,"B+",IF(H12<=79,"A",IF(H12<=89,"A+","O")))))))) -> O | L12: =I12*J12 -> 40 | N12: 50 | O12: 37 | Q12: =SUM(N12:O12) -> 87 | R12: 4 | S12: =IF(O12<=17,"0",IF(Q12<=39,"4",IF(Q12<=49,"4",IF(Q12<=54,"5",IF(Q12<=59,"6",IF(Q12<=69,"7",IF(Q12<=79,"8",IF(Q12<=89,"9","10")))))))) -> 9 | T12: =IF(O12<=17,"F",IF(Q12<=39,"F",IF(Q12<=49,"P",IF(Q12<=54,"C",IF(Q12<=59,"B",IF(Q12<=69,"B+",IF(Q12<=79,"A",IF(Q12<=89,"A+","O")))))))) -> A+ | U12: =R12*S12 -> 36 | W12: 50 | X12: 47 | Z12: =SUM(W12:X12) -> 97 | AA12: 3 | AB12: =IF(X12<=17,"0",IF(Z12<=39,"0",IF(Z12<=49,"4",IF(Z12<=54,"5",IF(Z12<=59,"6",IF(Z12<=69,"7",IF(Z12<=79,"8",IF(Z12<=89,"9","10")))))))) -> 10 | AC12: =IF(X12<=17,"F",IF(Z12<=39,"F",IF(Z12<=49,"P",IF(Z12<=54,"C",IF(Z12<=59,"B",IF(Z12<=69,"B+",IF(Z12<=79,"A",IF(Z12<=89,"A+","O")))))))) -> O | AD12: =AA12*AB12 -> 30 | AF12: 50 | AG12: 47 | AI12: =SUM(AF12:AG12) -> 97 | AJ12: 3 | AK12: =IF(AG12<=17,"0",IF(AI12<=39,"0",IF(AI12<=49,"4",IF(AI12<=54,"5",IF(AI12<=59,"6",IF(AI12<=69,"7",IF(AI12<=79,"8",IF(AI12<=89,"9","10")))))))) -> 10 | AL12: =IF(AG12<=17,"F",IF(AI12<=39,"F",IF(AI12<=49,"P",IF(AI12<=54,"C",IF(AI12<=59,"B",IF(AI12<=69,"B+",IF(AI12<=79,"A",IF(AI12<=89,"A+","O")))))))) -> O | AM12: =AJ12*AK12 -> 30 | AO12: 50 | AP12: 44 | AR12: =(AO12+AP12) -> 94 | AS12: 3 | AT12: =IF(AP12<=17,"0",IF(AR12<=39,"0",IF(AR12<=49,"4",IF(AR12<=54,"5",IF(AR12<=59,"6",IF(AR12<=69,"7",IF(AR12<=79,"8",IF(AR12<=89,"9","10")))))))) -> 10 | AU12: =IF(AP12<=17,"F",IF(AR12<=39,"F",IF(AR12<=49,"P",IF(AR12<=54,"C",IF(AR12<=59,"B",IF(AR12<=69,"B+",IF(AR12<=79,"A",IF(AR12<=89,"A+","O")))))))) -> O | AV12: =AS12*AT12 -> 30 | AX12: 50 | AY12: 37 | BA12: =(AX12+AY12) -> 87 | BB12: 1 | BC12: =IF(AY12<=17,"0",IF(BA12<=39,"0",IF(BA12<=49,"4",IF(BA12<=54,"5",IF(BA12<=59,"6",IF(BA12<=69,"7",IF(BA12<=79,"8",IF(BA12<=89,"9","10")))))))) -> 9 | BD12: =IF(AY12<=17,"F",IF(BA12<=39,"F",IF(BA12<=49,"P",IF(BA12<=54,"C",IF(BA12<=59,"B",IF(BA12<=69,"B+",IF(BA12<=79,"A",IF(BA12<=89,"A+","O")))))))) -> A+ | BE12: =BB12*BC12 -> 9 | BF12: Samskrutika Kannada | BG12: 50 | BH12: 36 | BJ12: =(BG12+BH12) -> 86 | BK12: 1 | BL12: =IF(BH12<=17,"0",IF(BJ12<=39,"0",IF(BJ12<=49,"4",IF(BJ12<=54,"5",IF(BJ12<=59,"6",IF(BJ12<=69,"7",IF(BJ12<=79,"8",IF(BJ12<=89,"9","10")))))))) -> 9 | BM12: =IF(BH12<=17,"F",IF(BJ12<=39,"F",IF(BJ12<=49,"P",IF(BJ12<=54,"C",IF(BJ12<=59,"B",IF(BJ12<=69,"B+",IF(BJ12<=79,"A",IF(BJ12<=89,"A+","O")))))))) -> A+ | BN12: =BK12*BL12 -> 9 | BP12: 50 | BQ12: 40 | BS12: =(BP12+BQ12) -> 90 | BT12: 1 | BU12: =IF(BQ12<=17,"0",IF(BS12<=39,"0",IF(BS12<=49,"4",IF(BS12<=54,"5",IF(BS12<=59,"6",IF(BS12<=69,"7",IF(BS12<=79,"8",IF(BS12<=89,"9","10")))))))) -> 10 | BV12: =IF(BQ12<=17,"F",IF(BS12<=39,"F",IF(BS12<=49,"P",IF(BS12<=54,"C",IF(BS12<=59,"B",IF(BS12<=69,"B+",IF(BS12<=79,"A",IF(BS12<=89,"A+","O")))))))) -> O | BW12: =BT12*BU12 -> 10 | BZ12: =L12+U12+AD12+AM12+AV12+BE12+BN12+BW12 -> 194 | CA12: =BZ12/20 -> 9.7 | CB12: =IF(CA12<4,"F",IF(BV12="F","F",IF(BM12="F","F",IF(BD12="F","F",IF(AU12="F","F",IF(AL12="F","F",IF(AC12="F","F",IF(T12="F","F",IF(K12="F","F",IF(CA12<=5,"C",IF(CA12<6,"B",IF(CA12<7,"B+",IF(CA12<8,"A",IF(CA12<=9,"A+","O")))))))))))))) -> O | CC12: =CA12*9.5 -> 92.15 | CE12: =SUM(BS12,BJ12,BA12,AR12,AI12,Z12,Q12,H12) -> 737 | CF12: =(CE12/800)*100 -> 92.125 | CI12: =IF(CA12<=4,"F",IF(CA12<=6,"PASS",IF(CA12<=6.5,"SC",IF(CA12<=7.5,"FC",IF(CA12<="10","FCD"))))) -> FCD | CJ12: 9.7 | CK12: 9.3
A13: =A12+1 -> 66 | B13: 1BI22CD049 | C13: SHEEWAM KUMAR | D13: D | E13: 47 | F13: 50 | H13: =SUM(E13:F13) -> 97 | I13: 4 | J13: =IF(F13<=17,"0",IF(H13<=39,"0",IF(H13<=49,"4",IF(H13<=54,"5",IF(H13<=59,"6",IF(H13<=69,"7",IF(H13<=79,"8",IF(H13<=89,"9","10")))))))) -> 10 | K13: =IF(F13<=17,"F",IF(H13<=39,"F",IF(H13<=49,"P",IF(H13<=54,"C",IF(H13<=59,"B",IF(H13<=69,"B+",IF(H13<=79,"A",IF(H13<=89,"A+","O")))))))) -> O | L13: =I13*J13 -> 40 | N13: 45 | O13: 47 | Q13: =SUM(N13:O13) -> 92 | R13: 4 | S13: =IF(O13<=17,"0",IF(Q13<=39,"4",IF(Q13<=49,"4",IF(Q13<=54,"5",IF(Q13<=59,"6",IF(Q13<=69,"7",IF(Q13<=79,"8",IF(Q13<=89,"9","10")))))))) -> 10 | T13: =IF(O13<=17,"F",IF(Q13<=39,"F",IF(Q13<=49,"P",IF(Q13<=54,"C",IF(Q13<=59,"B",IF(Q13<=69,"B+",IF(Q13<=79,"A",IF(Q13<=89,"A+","O")))))))) -> O | U13: =R13*S13 -> 40 | W13: 50 | X13: 50 | Z13: =SUM(W13:X13) -> 100 | AA13: 3 | AB13: =IF(X13<=17,"0",IF(Z13<=39,"0",IF(Z13<=49,"4",IF(Z13<=54,"5",IF(Z13<=59,"6",IF(Z13<=69,"7",IF(Z13<=79,"8",IF(Z13<=89,"9","10")))))))) -> 10 | AC13: =IF(X13<=17,"F",IF(Z13<=39,"F",IF(Z13<=49,"P",IF(Z13<=54,"C",IF(Z13<=59,"B",IF(Z13<=69,"B+",IF(Z13<=79,"A",IF(Z13<=89,"A+","O")))))))) -> O | AD13: =AA13*AB13 -> 30 | AF13: 50 | AG13: 46 | AI13: =SUM(AF13:AG13) -> 96 | AJ13: 3 | AK13: =IF(AG13<=17,"0",IF(AI13<=39,"0",IF(AI13<=49,"4",IF(AI13<=54,"5",IF(AI13<=59,"6",IF(AI13<=69,"7",IF(AI13<=79,"8",IF(AI13<=89,"9","10")))))))) -> 10 | AL13: =IF(AG13<=17,"F",IF(AI13<=39,"F",IF(AI13<=49,"P",IF(AI13<=54,"C",IF(AI13<=59,"B",IF(AI13<=69,"B+",IF(AI13<=79,"A",IF(AI13<=89,"A+","O")))))))) -> O | AM13: =AJ13*AK13 -> 30 | AO13: 50 | AP13: 38 | AR13: =(AO13+AP13) -> 88 | AS13: 3 | AT13: =IF(AP13<=17,"0",IF(AR13<=39,"0",IF(AR13<=49,"4",IF(AR13<=54,"5",IF(AR13<=59,"6",IF(AR13<=69,"7",IF(AR13<=79,"8",IF(AR13<=89,"9","10")))))))) -> 9 | AU13: =IF(AP13<=17,"F",IF(AR13<=39,"F",IF(AR13<=49,"P",IF(AR13<=54,"C",IF(AR13<=59,"B",IF(AR13<=69,"B+",IF(AR13<=79,"A",IF(AR13<=89,"A+","O")))))))) -> A+ | AV13: =AS13*AT13 -> 27 | AX13: 45 | AY13: 41 | BA13: =(AX13+AY13) -> 86 | BB13: 1 | BC13: =IF(AY13<=17,"0",IF(BA13<=39,"0",IF(BA13<=49,"4",IF(BA13<=54,"5",IF(BA13<=59,"6",IF(BA13<=69,"7",IF(BA13<=79,"8",IF(BA13<=89,"9","10")))))))) -> 9 | BD13: =IF(AY13<=17,"F",IF(BA13<=39,"F",IF(BA13<=49,"P",IF(BA13<=54,"C",IF(BA13<=59,"B",IF(BA13<=69,"B+",IF(BA13<=79,"A",IF(BA13<=89,"A+","O")))))))) -> A+ | BE13: =BB13*BC13 -> 9 | BF13: Balake Kannada | BG13: 49 | BH13: 36 | BJ13: =(BG13+BH13) -> 85 | BK13: 1 | BL13: =IF(BH13<=17,"0",IF(BJ13<=39,"0",IF(BJ13<=49,"4",IF(BJ13<=54,"5",IF(BJ13<=59,"6",IF(BJ13<=69,"7",IF(BJ13<=79,"8",IF(BJ13<=89,"9","10")))))))) -> 9 | BM13: =IF(BH13<=17,"F",IF(BJ13<=39,"F",IF(BJ13<=49,"P",IF(BJ13<=54,"C",IF(BJ13<=59,"B",IF(BJ13<=69,"B+",IF(BJ13<=79,"A",IF(BJ13<=89,"A+","O")))))))) -> A+ | BN13: =BK13*BL13 -> 9 | BP13: 46 | BQ13: 38 | BS13: =(BP13+BQ13) -> 84 | BT13: 1 | BU13: =IF(BQ13<=17,"0",IF(BS13<=39,"0",IF(BS13<=49,"4",IF(BS13<=54,"5",IF(BS13<=59,"6",IF(BS13<=69,"7",IF(BS13<=79,"8",IF(BS13<=89,"9","10")))))))) -> 9 | BV13: =IF(BQ13<=17,"F",IF(BS13<=39,"F",IF(BS13<=49,"P",IF(BS13<=54,"C",IF(BS13<=59,"B",IF(BS13<=69,"B+",IF(BS13<=79,"A",IF(BS13<=89,"A+","O")))))))) -> A+ | BW13: =BT13*BU13 -> 9 | BZ13: =L13+U13+AD13+AM13+AV13+BE13+BN13+BW13 -> 194 | CA13: =BZ13/20 -> 9.7 | CB13: =IF(CA13<4,"F",IF(BV13="F","F",IF(BM13="F","F",IF(BD13="F","F",IF(AU13="F","F",IF(AL13="F","F",IF(AC13="F","F",IF(T13="F","F",IF(K13="F","F",IF(CA13<=5,"C",IF(CA13<6,"B",IF(CA13<7,"B+",IF(CA13<8,"A",IF(CA13<=9,"A+","O")))))))))))))) -> O | CC13: =CA13*9.5 -> 92.15 | CE13: =SUM(BS13,BJ13,BA13,AR13,AI13,Z13,Q13,H13) -> 728 | CF13: =(CE13/800)*100 -> 91 | CI13: =IF(CA13<=4,"F",IF(CA13<=6,"PASS",IF(CA13<=6.5,"SC",IF(CA13<=7.5,"FC",IF(CA13<="10","FCD"))))) -> FCD | CJ13: 9.7
A14: =A13+1 -> 67 | B14: 1BI22CD023 | C14: M KRITHIKA | D14: D | E14: 50 | F14: 49 | H14: =SUM(E14:F14) -> 99 | I14: 4 | J14: =IF(F14<=17,"0",IF(H14<=39,"0",IF(H14<=49,"4",IF(H14<=54,"5",IF(H14<=59,"6",IF(H14<=69,"7",IF(H14<=79,"8",IF(H14<=89,"9","10")))))))) -> 10 | K14: =IF(F14<=17,"F",IF(H14<=39,"F",IF(H14<=49,"P",IF(H14<=54,"C",IF(H14<=59,"B",IF(H14<=69,"B+",IF(H14<=79,"A",IF(H14<=89,"A+","O")))))))) -> O | L14: =I14*J14 -> 40 | N14: 50 | O14: 41 | Q14: =SUM(N14:O14) -> 91 | R14: 4 | S14: =IF(O14<=17,"0",IF(Q14<=39,"4",IF(Q14<=49,"4",IF(Q14<=54,"5",IF(Q14<=59,"6",IF(Q14<=69,"7",IF(Q14<=79,"8",IF(Q14<=89,"9","10")))))))) -> 10 | T14: =IF(O14<=17,"F",IF(Q14<=39,"F",IF(Q14<=49,"P",IF(Q14<=54,"C",IF(Q14<=59,"B",IF(Q14<=69,"B+",IF(Q14<=79,"A",IF(Q14<=89,"A+","O")))))))) -> O | U14: =R14*S14 -> 40 | W14: 50 | X14: 44 | Z14: =SUM(W14:X14) -> 94 | AA14: 3 | AB14: =IF(X14<=17,"0",IF(Z14<=39,"0",IF(Z14<=49,"4",IF(Z14<=54,"5",IF(Z14<=59,"6",IF(Z14<=69,"7",IF(Z14<=79,"8",IF(Z14<=89,"9","10")))))))) -> 10 | AC14: =IF(X14<=17,"F",IF(Z14<=39,"F",IF(Z14<=49,"P",IF(Z14<=54,"C",IF(Z14<=59,"B",IF(Z14<=69,"B+",IF(Z14<=79,"A",IF(Z14<=89,"A+","O")))))))) -> O | AD14: =AA14*AB14 -> 30 | AF14: 50 | AG14: 39 | AI14: =SUM(AF14:AG14) -> 89 | AJ14: 3 | AK14: =IF(AG14<=17,"0",IF(AI14<=39,"0",IF(AI14<=49,"4",IF(AI14<=54,"5",IF(AI14<=59,"6",IF(AI14<=69,"7",IF(AI14<=79,"8",IF(AI14<=89,"9","10")))))))) -> 9 | AL14: =IF(AG14<=17,"F",IF(AI14<=39,"F",IF(AI14<=49,"P",IF(AI14<=54,"C",IF(AI14<=59,"B",IF(AI14<=69,"B+",IF(AI14<=79,"A",IF(AI14<=89,"A+","O")))))))) -> A+ | AM14: =AJ14*AK14 -> 27 | AO14: 50 | AP14: 23 | AR14: =(AO14+AP14) -> 73 | AS14: 3 | AT14: =IF(AP14<=17,"0",IF(AR14<=39,"0",IF(AR14<=49,"4",IF(AR14<=54,"5",IF(AR14<=59,"6",IF(AR14<=69,"7",IF(AR14<=79,"8",IF(AR14<=89,"9","10")))))))) -> 8 | AU14: =IF(AP14<=17,"F",IF(AR14<=39,"F",IF(AR14<=49,"P",IF(AR14<=54,"C",IF(AR14<=59,"B",IF(AR14<=69,"B+",IF(AR14<=79,"A",IF(AR14<=89,"A+","O")))))))) -> A | AV14: =AS14*AT14 -> 24 | AX14: 50 | AY14: 40 | BA14: =(AX14+AY14) -> 90 | BB14: 1 | BC14: =IF(AY14<=17,"0",IF(BA14<=39,"0",IF(BA14<=49,"4",IF(BA14<=54,"5",IF(BA14<=59,"6",IF(BA14<=69,"7",IF(BA14<=79,"8",IF(BA14<=89,"9","10")))))))) -> 10 | BD14: =IF(AY14<=17,"F",IF(BA14<=39,"F",IF(BA14<=49,"P",IF(BA14<=54,"C",IF(BA14<=59,"B",IF(BA14<=69,"B+",IF(BA14<=79,"A",IF(BA14<=89,"A+","O")))))))) -> O | BE14: =BB14*BC14 -> 10 | BF14: Balake Kannada | BG14: 50 | BH14: 49 | BJ14: =(BG14+BH14) -> 99 | BK14: 1 | BL14: =IF(BH14<=17,"0",IF(BJ14<=39,"0",IF(BJ14<=49,"4",IF(BJ14<=54,"5",IF(BJ14<=59,"6",IF(BJ14<=69,"7",IF(BJ14<=79,"8",IF(BJ14<=89,"9","10")))))))) -> 10 | BM14: =IF(BH14<=17,"F",IF(BJ14<=39,"F",IF(BJ14<=49,"P",IF(BJ14<=54,"C",IF(BJ14<=59,"B",IF(BJ14<=69,"B+",IF(BJ14<=79,"A",IF(BJ14<=89,"A+","O")))))))) -> O | BN14: =BK14*BL14 -> 10 | BP14: 50 | BQ14: 43 | BS14: =(BP14+BQ14) -> 93 | BT14: 1 | BU14: =IF(BQ14<=17,"0",IF(BS14<=39,"0",IF(BS14<=49,"4",IF(BS14<=54,"5",IF(BS14<=59,"6",IF(BS14<=69,"7",IF(BS14<=79,"8",IF(BS14<=89,"9","10")))))))) -> 10 | BV14: =IF(BQ14<=17,"F",IF(BS14<=39,"F",IF(BS14<=49,"P",IF(BS14<=54,"C",IF(BS14<=59,"B",IF(BS14<=69,"B+",IF(BS14<=79,"A",IF(BS14<=89,"A+","O")))))))) -> O | BW14: =BT14*BU14 -> 10 | BZ14: =L14+U14+AD14+AM14+AV14+BE14+BN14+BW14 -> 191 | CA14: =BZ14/20 -> 9.55 | CB14: =IF(CA14<4,"F",IF(BV14="F","F",IF(BM14="F","F",IF(BD14="F","F",IF(AU14="F","F",IF(AL14="F","F",IF(AC14="F","F",IF(T14="F","F",IF(K14="F","F",IF(CA14<=5,"C",IF(CA14<6,"B",IF(CA14<7,"B+",IF(CA14<8,"A",IF(CA14<=9,"A+","O")))))))))))))) -> O | CC14: =CA14*9.5 -> 90.725 | CE14: =SUM(BS14,BJ14,BA14,AR14,AI14,Z14,Q14,H14) -> 728 | CF14: =(CE14/800)*100 -> 91 | CI14: =IF(CA14<=4,"F",IF(CA14<=6,"PASS",IF(CA14<=6.5,"SC",IF(CA14<=7.5,"FC",IF(CA14<="10","FCD"))))) -> FCD | CJ14: 9.5 | CK14: 9.15
A15: =A14+1 -> 68 | B15: 1BI22CD034 | C15: PRIYANKA S | D15: D | E15: 49 | F15: 39 | H15: =SUM(E15:F15) -> 88 | I15: 4 | J15: =IF(F15<=17,"0",IF(H15<=39,"0",IF(H15<=49,"4",IF(H15<=54,"5",IF(H15<=59,"6",IF(H15<=69,"7",IF(H15<=79,"8",IF(H15<=89,"9","10")))))))) -> 9 | K15: =IF(F15<=17,"F",IF(H15<=39,"F",IF(H15<=49,"P",IF(H15<=54,"C",IF(H15<=59,"B",IF(H15<=69,"B+",IF(H15<=79,"A",IF(H15<=89,"A+","O")))))))) -> A+ | L15: =I15*J15 -> 36 | N15: 48 | O15: 43 | Q15: =SUM(N15:O15) -> 91 | R15: 4 | S15: =IF(O15<=17,"0",IF(Q15<=39,"4",IF(Q15<=49,"4",IF(Q15<=54,"5",IF(Q15<=59,"6",IF(Q15<=69,"7",IF(Q15<=79,"8",IF(Q15<=89,"9","10")))))))) -> 10 | T15: =IF(O15<=17,"F",IF(Q15<=39,"F",IF(Q15<=49,"P",IF(Q15<=54,"C",IF(Q15<=59,"B",IF(Q15<=69,"B+",IF(Q15<=79,"A",IF(Q15<=89,"A+","O")))))))) -> O | U15: =R15*S15 -> 40 | W15: 48 | X15: 39 | Z15: =SUM(W15:X15) -> 87 | AA15: 3 | AB15: =IF(X15<=17,"0",IF(Z15<=39,"0",IF(Z15<=49,"4",IF(Z15<=54,"5",IF(Z15<=59,"6",IF(Z15<=69,"7",IF(Z15<=79,"8",IF(Z15<=89,"9","10")))))))) -> 9 | AC15: =IF(X15<=17,"F",IF(Z15<=39,"F",IF(Z15<=49,"P",IF(Z15<=54,"C",IF(Z15<=59,"B",IF(Z15<=69,"B+",IF(Z15<=79,"A",IF(Z15<=89,"A+","O")))))))) -> A+ | AD15: =AA15*AB15 -> 27 | AF15: 44 | AG15: 48 | AI15: =SUM(AF15:AG15) -> 92 | AJ15: 3 | AK15: =IF(AG15<=17,"0",IF(AI15<=39,"0",IF(AI15<=49,"4",IF(AI15<=54,"5",IF(AI15<=59,"6",IF(AI15<=69,"7",IF(AI15<=79,"8",IF(AI15<=89,"9","10")))))))) -> 10 | AL15: =IF(AG15<=17,"F",IF(AI15<=39,"F",IF(AI15<=49,"P",IF(AI15<=54,"C",IF(AI15<=59,"B",IF(AI15<=69,"B+",IF(AI15<=79,"A",IF(AI15<=89,"A+","O")))))))) -> O | AM15: =AJ15*AK15 -> 30 | AO15: 49 | AP15: 42 | AR15: =(AO15+AP15) -> 91 | AS15: 3 | AT15: =IF(AP15<=17,"0",IF(AR15<=39,"0",IF(AR15<=49,"4",IF(AR15<=54,"5",IF(AR15<=59,"6",IF(AR15<=69,"7",IF(AR15<=79,"8",IF(AR15<=89,"9","10")))))))) -> 10 | AU15: =IF(AP15<=17,"F",IF(AR15<=39,"F",IF(AR15<=49,"P",IF(AR15<=54,"C",IF(AR15<=59,"B",IF(AR15<=69,"B+",IF(AR15<=79,"A",IF(AR15<=89,"A+","O")))))))) -> O | AV15: =AS15*AT15 -> 30 | AX15: 46 | AY15: 33 | BA15: =(AX15+AY15) -> 79 | BB15: 1 | BC15: =IF(AY15<=17,"0",IF(BA15<=39,"0",IF(BA15<=49,"4",IF(BA15<=54,"5",IF(BA15<=59,"6",IF(BA15<=69,"7",IF(BA15<=79,"8",IF(BA15<=89,"9","10")))))))) -> 8 | BD15: =IF(AY15<=17,"F",IF(BA15<=39,"F",IF(BA15<=49,"P",IF(BA15<=54,"C",IF(BA15<=59,"B",IF(BA15<=69,"B+",IF(BA15<=79,"A",IF(BA15<=89,"A+","O")))))))) -> A | BE15: =BB15*BC15 -> 8 | BF15: Samskrutika Kannada | BG15: 46 | BH15: 44 | BJ15: =(BG15+BH15) -> 90 | BK15: 1 | BL15: =IF(BH15<=17,"0",IF(BJ15<=39,"0",IF(BJ15<=49,"4",IF(BJ15<=54,"5",IF(BJ15<=59,"6",IF(BJ15<=69,"7",IF(BJ15<=79,"8",IF(BJ15<=89,"9","10")))))))) -> 10 | BM15: =IF(BH15<=17,"F",IF(BJ15<=39,"F",IF(BJ15<=49,"P",IF(BJ15<=54,"C",IF(BJ15<=59,"B",IF(BJ15<=69,"B+",IF(BJ15<=79,"A",IF(BJ15<=89,"A+","O")))))))) -> O | BN15: =BK15*BL15 -> 10 | BP15: 45 | BQ15: 35 | BS15: =(BP15+BQ15) -> 80 | BT15: 1 | BU15: =IF(BQ15<=17,"0",IF(BS15<=39,"0",IF(BS15<=49,"4",IF(BS15<=54,"5",IF(BS15<=59,"6",IF(BS15<=69,"7",IF(BS15<=79,"8",IF(BS15<=89,"9","10")))))))) -> 9 | BV15: =IF(BQ15<=17,"F",IF(BS15<=39,"F",IF(BS15<=49,"P",IF(BS15<=54,"C",IF(BS15<=59,"B",IF(BS15<=69,"B+",IF(BS15<=79,"A",IF(BS15<=89,"A+","O")))))))) -> A+ | BW15: =BT15*BU15 -> 9 | BZ15: =L15+U15+AD15+AM15+AV15+BE15+BN15+BW15 -> 190 | CA15: =BZ15/20 -> 9.5 | CB15: =IF(CA15<4,"F",IF(BV15="F","F",IF(BM15="F","F",IF(BD15="F","F",IF(AU15="F","F",IF(AL15="F","F",IF(AC15="F","F",IF(T15="F","F",IF(K15="F","F",IF(CA15<=5,"C",IF(CA15<6,"B",IF(CA15<7,"B+",IF(CA15<8,"A",IF(CA15<=9,"A+","O")))))))))))))) -> O | CC15: =CA15*9.5 -> 90.25 | CE15: =SUM(BS15,BJ15,BA15,AR15,AI15,Z15,Q15,H15) -> 698 | CF15: =(CE15/800)*100 -> 87.25 | CI15: =IF(CA15<=4,"F",IF(CA15<=6,"PASS",IF(CA15<=6.5,"SC",IF(CA15<=7.5,"FC",IF(CA15<="10","FCD"))))) -> FCD
A16: 55 | B16: 1BI22CD055 | C16: SURAJ A R | D16: D | E16: 50 | F16: 49 | H16: =SUM(E16:F16) -> 99 | I16: 4 | J16: =IF(F16<=17,"0",IF(H16<=39,"0",IF(H16<=49,"4",IF(H16<=54,"5",IF(H16<=59,"6",IF(H16<=69,"7",IF(H16<=79,"8",IF(H16<=89,"9","10")))))))) -> 10 | K16: =IF(F16<=17,"F",IF(H16<=39,"F",IF(H16<=49,"P",IF(H16<=54,"C",IF(H16<=59,"B",IF(H16<=69,"B+",IF(H16<=79,"A",IF(H16<=89,"A+","O")))))))) -> O | L16: =I16*J16 -> 40 | N16: 48 | O16: 36 | Q16: =SUM(N16:O16) -> 84 | R16: 4 | S16: =IF(O16<=17,"0",IF(Q16<=39,"4",IF(Q16<=49,"4",IF(Q16<=54,"5",IF(Q16<=59,"6",IF(Q16<=69,"7",IF(Q16<=79,"8",IF(Q16<=89,"9","10")))))))) -> 9 | T16: =IF(O16<=17,"F",IF(Q16<=39,"F",IF(Q16<=49,"P",IF(Q16<=54,"C",IF(Q16<=59,"B",IF(Q16<=69,"B+",IF(Q16<=79,"A",IF(Q16<=89,"A+","O")))))))) -> A+ | U16: =R16*S16 -> 36 | W16: 49 | X16: 49 | Z16: =SUM(W16:X16) -> 98 | AA16: 3 | AB16: =IF(X16<=17,"0",IF(Z16<=39,"0",IF(Z16<=49,"4",IF(Z16<=54,"5",IF(Z16<=59,"6",IF(Z16<=69,"7",IF(Z16<=79,"8",IF(Z16<=89,"9","10")))))))) -> 10 | AC16: =IF(X16<=17,"F",IF(Z16<=39,"F",IF(Z16<=49,"P",IF(Z16<=54,"C",IF(Z16<=59,"B",IF(Z16<=69,"B+",IF(Z16<=79,"A",IF(Z16<=89,"A+","O")))))))) -> O | AD16: =AA16*AB16 -> 30 | AF16: 50 | AG16: 48 | AI16: =SUM(AF16:AG16) -> 98 | AJ16: 3 | AK16: =IF(AG16<=17,"0",IF(AI16<=39,"0",IF(AI16<=49,"4",IF(AI16<=54,"5",IF(AI16<=59,"6",IF(AI16<=69,"7",IF(AI16<=79,"8",IF(AI16<=89,"9","10")))))))) -> 10 | AL16: =IF(AG16<=17,"F",IF(AI16<=39,"F",IF(AI16<=49,"P",IF(AI16<=54,"C",IF(AI16<=59,"B",IF(AI16<=69,"B+",IF(AI16<=79,"A",IF(AI16<=89,"A+","O")))))))) -> O | AM16: =AJ16*AK16 -> 30 | AO16: 50 | AP16: 38 | AR16: =(AO16+AP16) -> 88 | AS16: 3 | AT16: =IF(AP16<=17,"0",IF(AR16<=39,"0",IF(AR16<=49,"4",IF(AR16<=54,"5",IF(AR16<=59,"6",IF(AR16<=69,"7",IF(AR16<=79,"8",IF(AR16<=89,"9","10")))))))) -> 9 | AU16: =IF(AP16<=17,"F",IF(AR16<=39,"F",IF(AR16<=49,"P",IF(AR16<=54,"C",IF(AR16<=59,"B",IF(AR16<=69,"B+",IF(AR16<=79,"A",IF(AR16<=89,"A+","O")))))))) -> A+ | AV16: =AS16*AT16 -> 27 | AX16: 48 | AY16: 34 | BA16: =(AX16+AY16) -> 82 | BB16: 1 | BC16: =IF(AY16<=17,"0",IF(BA16<=39,"0",IF(BA16<=49,"4",IF(BA16<=54,"5",IF(BA16<=59,"6",IF(BA16<=69,"7",IF(BA16<=79,"8",IF(BA16<=89,"9","10")))))))) -> 9 | BD16: =IF(AY16<=17,"F",IF(BA16<=39,"F",IF(BA16<=49,"P",IF(BA16<=54,"C",IF(BA16<=59,"B",IF(BA16<=69,"B+",IF(BA16<=79,"A",IF(BA16<=89,"A+","O")))))))) -> A+ | BE16: =BB16*BC16 -> 9 | BF16: Samskrutika Kannada | BG16: 45 | BH16: 28 | BJ16: =(BG16+BH16) -> 73 | BK16: 1 | BL16: =IF(BH16<=17,"0",IF(BJ16<=39,"0",IF(BJ16<=49,"4",IF(BJ16<=54,"5",IF(BJ16<=59,"6",IF(BJ16<=69,"7",IF(BJ16<=79,"8",IF(BJ16<=89,"9","10")))))))) -> 8 | BM16: =IF(BH16<=17,"F",IF(BJ16<=39,"F",IF(BJ16<=49,"P",IF(BJ16<=54,"C",IF(BJ16<=59,"B",IF(BJ16<=69,"B+",IF(BJ16<=79,"A",IF(BJ16<=89,"A+","O")))))))) -> A | BN16: =BK16*BL16 -> 8 | BP16: 42 | BQ16: 38 | BS16: =(BP16+BQ16) -> 80 | BT16: 1 | BU16: =IF(BQ16<=17,"0",IF(BS16<=39,"0",IF(BS16<=49,"4",IF(BS16<=54,"5",IF(BS16<=59,"6",IF(BS16<=69,"7",IF(BS16<=79,"8",IF(BS16<=89,"9","10")))))))) -> 9 | BV16: =IF(BQ16<=17,"F",IF(BS16<=39,"F",IF(BS16<=49,"P",IF(BS16<=54,"C",IF(BS16<=59,"B",IF(BS16<=69,"B+",IF(BS16<=79,"A",IF(BS16<=89,"A+","O")))))))) -> A+ | BW16: =BT16*BU16 -> 9 | BZ16: =L16+U16+AD16+AM16+AV16+BE16+BN16+BW16 -> 189 | CA16: =BZ16/20 -> 9.45 | CB16: =IF(CA16<4,"F",IF(BV16="F","F",IF(BM16="F","F",IF(BD16="F","F",IF(AU16="F","F",IF(AL16="F","F",IF(AC16="F","F",IF(T16="F","F",IF(K16="F","F",IF(CA16<=5,"C",IF(CA16<6,"B",IF(CA16<7,"B+",IF(CA16<8,"A",IF(CA16<=9,"A+","O")))))))))))))) -> O | CC16: =CA16*9.5 -> 89.775 | CE16: =SUM(BS16,BJ16,BA16,AR16,AI16,Z16,Q16,H16) -> 702 | CF16: =(CE16/800)*100 -> 87.75 | CI16: =IF(CA16<=4,"F",IF(CA16<=6,"PASS",IF(CA16<=6.5,"SC",IF(CA16<=7.5,"FC",IF(CA16<="10","FCD"))))) -> FCD
A17: =A16+1 -> 56 | B17: 1BI22CD031 | C17: PRANAV GUPTA | D17: D | E17: 50 | F17: 46 | H17: =SUM(E17:F17) -> 96 | I17: 4 | J17: =IF(F17<=17,"0",IF(H17<=39,"0",IF(H17<=49,"4",IF(H17<=54,"5",IF(H17<=59,"6",IF(H17<=69,"7",IF(H17<=79,"8",IF(H17<=89,"9","10")))))))) -> 10 | K17: =IF(F17<=17,"F",IF(H17<=39,"F",IF(H17<=49,"P",IF(H17<=54,"C",IF(H17<=59,"B",IF(H17<=69,"B+",IF(H17<=79,"A",IF(H17<=89,"A+","O")))))))) -> O | L17: =I17*J17 -> 40 | N17: 46 | O17: 34 | Q17: =SUM(N17:O17) -> 80 | R17: 4 | S17: =IF(O17<=17,"0",IF(Q17<=39,"4",IF(Q17<=49,"4",IF(Q17<=54,"5",IF(Q17<=59,"6",IF(Q17<=69,"7",IF(Q17<=79,"8",IF(Q17<=89,"9","10")))))))) -> 9 | T17: =IF(O17<=17,"F",IF(Q17<=39,"F",IF(Q17<=49,"P",IF(Q17<=54,"C",IF(Q17<=59,"B",IF(Q17<=69,"B+",IF(Q17<=79,"A",IF(Q17<=89,"A+","O")))))))) -> A+ | U17: =R17*S17 -> 36 | W17: 44 | X17: 49 | Z17: =SUM(W17:X17) -> 93 | AA17: 3 | AB17: =IF(X17<=17,"0",IF(Z17<=39,"0",IF(Z17<=49,"4",IF(Z17<=54,"5",IF(Z17<=59,"6",IF(Z17<=69,"7",IF(Z17<=79,"8",IF(Z17<=89,"9","10")))))))) -> 10 | AC17: =IF(X17<=17,"F",IF(Z17<=39,"F",IF(Z17<=49,"P",IF(Z17<=54,"C",IF(Z17<=59,"B",IF(Z17<=69,"B+",IF(Z17<=79,"A",IF(Z17<=89,"A+","O")))))))) -> O | AD17: =AA17*AB17 -> 30 | AF17: 41 | AG17: 43 | AI17: =SUM(AF17:AG17) -> 84 | AJ17: 3 | AK17: =IF(AG17<=17,"0",IF(AI17<=39,"0",IF(AI17<=49,"4",IF(AI17<=54,"5",IF(AI17<=59,"6",IF(AI17<=69,"7",IF(AI17<=79,"8",IF(AI17<=89,"9","10")))))))) -> 9 | AL17: =IF(AG17<=17,"F",IF(AI17<=39,"F",IF(AI17<=49,"P",IF(AI17<=54,"C",IF(AI17<=59,"B",IF(AI17<=69,"B+",IF(AI17<=79,"A",IF(AI17<=89,"A+","O")))))))) -> A+ | AM17: =AJ17*AK17 -> 27 | AO17: 49 | AP17: 38 | AR17: =(AO17+AP17) -> 87 | AS17: 3 | AT17: =IF(AP17<=17,"0",IF(AR17<=39,"0",IF(AR17<=49,"4",IF(AR17<=54,"5",IF(AR17<=59,"6",IF(AR17<=69,"7",IF(AR17<=79,"8",IF(AR17<=89,"9","10")))))))) -> 9 | AU17: =IF(AP17<=17,"F",IF(AR17<=39,"F",IF(AR17<=49,"P",IF(AR17<=54,"C",IF(AR17<=59,"B",IF(AR17<=69,"B+",IF(AR17<=79,"A",IF(AR17<=89,"A+","O")))))))) -> A+ | AV17: =AS17*AT17 -> 27 | AX17: 46 | AY17: 35 | BA17: =(AX17+AY17) -> 81 | BB17: 1 | BC17: =IF(AY17<=17,"0",IF(BA17<=39,"0",IF(BA17<=49,"4",IF(BA17<=54,"5",IF(BA17<=59,"6",IF(BA17<=69,"7",IF(BA17<=79,"8",IF(BA17<=89,"9","10")))))))) -> 9 | BD17: =IF(AY17<=17,"F",IF(BA17<=39,"F",IF(BA17<=49,"P",IF(BA17<=54,"C",IF(BA17<=59,"B",IF(BA17<=69,"B+",IF(BA17<=79,"A",IF(BA17<=89,"A+","O")))))))) -> A+ | BE17: =BB17*BC17 -> 9 | BF17: Balake Kannada | BG17: 49 | BH17: 47 | BJ17: =(BG17+BH17) -> 96 | BK17: 1 | BL17: =IF(BH17<=17,"0",IF(BJ17<=39,"0",IF(BJ17<=49,"4",IF(BJ17<=54,"5",IF(BJ17<=59,"6",IF(BJ17<=69,"7",IF(BJ17<=79,"8",IF(BJ17<=89,"9","10")))))))) -> 10 | BM17: =IF(BH17<=17,"F",IF(BJ17<=39,"F",IF(BJ17<=49,"P",IF(BJ17<=54,"C",IF(BJ17<=59,"B",IF(BJ17<=69,"B+",IF(BJ17<=79,"A",IF(BJ17<=89,"A+","O")))))))) -> O | BN17: =BK17*BL17 -> 10 | BP17: 46 | BQ17: 38 | BS17: =(BP17+BQ17) -> 84 | BT17: 1 | BU17: =IF(BQ17<=17,"0",IF(BS17<=39,"0",IF(BS17<=49,"4",IF(BS17<=54,"5",IF(BS17<=59,"6",IF(BS17<=69,"7",IF(BS17<=79,"8",IF(BS17<=89,"9","10")))))))) -> 9 | BV17: =IF(BQ17<=17,"F",IF(BS17<=39,"F",IF(BS17<=49,"P",IF(BS17<=54,"C",IF(BS17<=59,"B",IF(BS17<=69,"B+",IF(BS17<=79,"A",IF(BS17<=89,"A+","O")))))))) -> A+ | BW17: =BT17*BU17 -> 9 | BZ17: =L17+U17+AD17+AM17+AV17+BE17+BN17+BW17 -> 188 | CA17: =BZ17/20 -> 9.4 | CB17: =IF(CA17<4,"F",IF(BV17="F","F",IF(BM17="F","F",IF(BD17="F","F",IF(AU17="F","F",IF(AL17="F","F",IF(AC17="F","F",IF(T17="F","F",IF(K17="F","F",IF(CA17<=5,"C",IF(CA17<6,"B",IF(CA17<7,"B+",IF(CA17<8,"A",IF(CA17<=9,"A+","O")))))))))))))) -> O | CC17: =CA17*9.5 -> 89.3 | CE17: =SUM(BS17,BJ17,BA17,AR17,AI17,Z17,Q17,H17) -> 701 | CF17: =(CE17/800)*100 -> 87.625 | CI17: =IF(CA17<=4,"F",IF(CA17<=6,"PASS",IF(CA17<=6.5,"SC",IF(CA17<=7.5,"FC",IF(CA17<="10","FCD"))))) -> FCD
A18: =A17+1 -> 57 | B18: 1BI22CD048 | C18: SHASHI KIRAN J | D18: D | E18: 50 | F18: 50 | H18: =SUM(E18:F18) -> 100 | I18: 4 | J18: =IF(F18<=17,"0",IF(H18<=39,"0",IF(H18<=49,"4",IF(H18<=54,"5",IF(H18<=59,"6",IF(H18<=69,"7",IF(H18<=79,"8",IF(H18<=89,"9","10")))))))) -> 10 | K18: =IF(F18<=17,"F",IF(H18<=39,"F",IF(H18<=49,"P",IF(H18<=54,"C",IF(H18<=59,"B",IF(H18<=69,"B+",IF(H18<=79,"A",IF(H18<=89,"A+","O")))))))) -> O | L18: =I18*J18 -> 40 | N18: 50 | O18: 37 | Q18: =SUM(N18:O18) -> 87 | R18: 4 | S18: =IF(O18<=17,"0",IF(Q18<=39,"4",IF(Q18<=49,"4",IF(Q18<=54,"5",IF(Q18<=59,"6",IF(Q18<=69,"7",IF(Q18<=79,"8",IF(Q18<=89,"9","10")))))))) -> 9 | T18: =IF(O18<=17,"F",IF(Q18<=39,"F",IF(Q18<=49,"P",IF(Q18<=54,"C",IF(Q18<=59,"B",IF(Q18<=69,"B+",IF(Q18<=79,"A",IF(Q18<=89,"A+","O")))))))) -> A+ | U18: =R18*S18 -> 36 | W18: 50 | X18: 49 | Z18: =SUM(W18:X18) -> 99 | AA18: 3 | AB18: =IF(X18<=17,"0",IF(Z18<=39,"0",IF(Z18<=49,"4",IF(Z18<=54,"5",IF(Z18<=59,"6",IF(Z18<=69,"7",IF(Z18<=79,"8",IF(Z18<=89,"9","10")))))))) -> 10 | AC18: =IF(X18<=17,"F",IF(Z18<=39,"F",IF(Z18<=49,"P",IF(Z18<=54,"C",IF(Z18<=59,"B",IF(Z18<=69,"B+",IF(Z18<=79,"A",IF(Z18<=89,"A+","O")))))))) -> O | AD18: =AA18*AB18 -> 30 | AF18: 50 | AG18: 37 | AI18: =SUM(AF18:AG18) -> 87 | AJ18: 3 | AK18: =IF(AG18<=17,"0",IF(AI18<=39,"0",IF(AI18<=49,"4",IF(AI18<=54,"5",IF(AI18<=59,"6",IF(AI18<=69,"7",IF(AI18<=79,"8",IF(AI18<=89,"9","10")))))))) -> 9 | AL18: =IF(AG18<=17,"F",IF(AI18<=39,"F",IF(AI18<=49,"P",IF(AI18<=54,"C",IF(AI18<=59,"B",IF(AI18<=69,"B+",IF(AI18<=79,"A",IF(AI18<=89,"A+","O")))))))) -> A+ | AM18: =AJ18*AK18 -> 27 | AO18: 50 | AP18: 37 | AR18: =(AO18+AP18) -> 87 | AS18: 3 | AT18: =IF(AP18<=17,"0",IF(AR18<=39,"0",IF(AR18<=49,"4",IF(AR18<=54,"5",IF(AR18<=59,"6",IF(AR18<=69,"7",IF(AR18<=79,"8",IF(AR18<=89,"9","10")))))))) -> 9 | AU18: =IF(AP18<=17,"F",IF(AR18<=39,"F",IF(AR18<=49,"P",IF(AR18<=54,"C",IF(AR18<=59,"B",IF(AR18<=69,"B+",IF(AR18<=79,"A",IF(AR18<=89,"A+","O")))))))) -> A+ | AV18: =AS18*AT18 -> 27 | AX18: 50 | AY18: 38 | BA18: =(AX18+AY18) -> 88 | BB18: 1 | BC18: =IF(AY18<=17,"0",IF(BA18<=39,"0",IF(BA18<=49,"4",IF(BA18<=54,"5",IF(BA18<=59,"6",IF(BA18<=69,"7",IF(BA18<=79,"8",IF(BA18<=89,"9","10")))))))) -> 9 | BD18: =IF(AY18<=17,"F",IF(BA18<=39,"F",IF(BA18<=49,"P",IF(BA18<=54,"C",IF(BA18<=59,"B",IF(BA18<=69,"B+",IF(BA18<=79,"A",IF(BA18<=89,"A+","O")))))))) -> A+ | BE18: =BB18*BC18 -> 9 | BF18: Samskrutika Kannada | BG18: 50 | BH18: 28 | BJ18: =(BG18+BH18) -> 78 | BK18: 1 | BL18: =IF(BH18<=17,"0",IF(BJ18<=39,"0",IF(BJ18<=49,"4",IF(BJ18<=54,"5",IF(BJ18<=59,"6",IF(BJ18<=69,"7",IF(BJ18<=79,"8",IF(BJ18<=89,"9","10")))))))) -> 8 | BM18: =IF(BH18<=17,"F",IF(BJ18<=39,"F",IF(BJ18<=49,"P",IF(BJ18<=54,"C",IF(BJ18<=59,"B",IF(BJ18<=69,"B+",IF(BJ18<=79,"A",IF(BJ18<=89,"A+","O")))))))) -> A | BN18: =BK18*BL18 -> 8 | BP18: 50 | BQ18: 41 | BS18: =(BP18+BQ18) -> 91 | BT18: 1 | BU18: =IF(BQ18<=17,"0",IF(BS18<=39,"0",IF(BS18<=49,"4",IF(BS18<=54,"5",IF(BS18<=59,"6",IF(BS18<=69,"7",IF(BS18<=79,"8",IF(BS18<=89,"9","10")))))))) -> 10 | BV18: =IF(BQ18<=17,"F",IF(BS18<=39,"F",IF(BS18<=49,"P",IF(BS18<=54,"C",IF(BS18<=59,"B",IF(BS18<=69,"B+",IF(BS18<=79,"A",IF(BS18<=89,"A+","O")))))))) -> O | BW18: =BT18*BU18 -> 10 | BZ18: =L18+U18+AD18+AM18+AV18+BE18+BN18+BW18 -> 187 | CA18: =BZ18/20 -> 9.35 | CB18: =IF(CA18<4,"F",IF(BV18="F","F",IF(BM18="F","F",IF(BD18="F","F",IF(AU18="F","F",IF(AL18="F","F",IF(AC18="F","F",IF(T18="F","F",IF(K18="F","F",IF(CA18<=5,"C",IF(CA18<6,"B",IF(CA18<7,"B+",IF(CA18<8,"A",IF(CA18<=9,"A+","O")))))))))))))) -> O | CC18: =CA18*9.5 -> 88.825 | CE18: =SUM(BS18,BJ18,BA18,AR18,AI18,Z18,Q18,H18) -> 717 | CF18: =(CE18/800)*100 -> 89.625 | CI18: =IF(CA18<=4,"F",IF(CA18<=6,"PASS",IF(CA18<=6.5,"SC",IF(CA18<=7.5,"FC",IF(CA18<="10","FCD"))))) -> FCD | CJ18: 9.3 | CK18: 9.15
A19: 62 | B19: 1BI22CD062 | C19: VIVEK DESAI | D19: D | E19: 50 | F19: 43 | H19: =SUM(E19:F19) -> 93 | I19: 4 | J19: =IF(F19<=17,"0",IF(H19<=39,"0",IF(H19<=49,"4",IF(H19<=54,"5",IF(H19<=59,"6",IF(H19<=69,"7",IF(H19<=79,"8",IF(H19<=89,"9","10")))))))) -> 10 | K19: =IF(F19<=17,"F",IF(H19<=39,"F",IF(H19<=49,"P",IF(H19<=54,"C",IF(H19<=59,"B",IF(H19<=69,"B+",IF(H19<=79,"A",IF(H19<=89,"A+","O")))))))) -> O | L19: =I19*J19 -> 40 | N19: 50 | O19: 38 | Q19: =SUM(N19:O19) -> 88 | R19: 4 | S19: =IF(O19<=17,"0",IF(Q19<=39,"4",IF(Q19<=49,"4",IF(Q19<=54,"5",IF(Q19<=59,"6",IF(Q19<=69,"7",IF(Q19<=79,"8",IF(Q19<=89,"9","10")))))))) -> 9 | T19: =IF(O19<=17,"F",IF(Q19<=39,"F",IF(Q19<=49,"P",IF(Q19<=54,"C",IF(Q19<=59,"B",IF(Q19<=69,"B+",IF(Q19<=79,"A",IF(Q19<=89,"A+","O")))))))) -> A+ | U19: =R19*S19 -> 36 | W19: 50 | X19: 48 | Z19: =SUM(W19:X19) -> 98 | AA19: 3 | AB19: =IF(X19<=17,"0",IF(Z19<=39,"0",IF(Z19<=49,"4",IF(Z19<=54,"5",IF(Z19<=59,"6",IF(Z19<=69,"7",IF(Z19<=79,"8",IF(Z19<=89,"9","10")))))))) -> 10 | AC19: =IF(X19<=17,"F",IF(Z19<=39,"F",IF(Z19<=49,"P",IF(Z19<=54,"C",IF(Z19<=59,"B",IF(Z19<=69,"B+",IF(Z19<=79,"A",IF(Z19<=89,"A+","O")))))))) -> O | AD19: =AA19*AB19 -> 30 | AF19: 50 | AG19: 36 | AI19: =SUM(AF19:AG19) -> 86 | AJ19: 3 | AK19: =IF(AG19<=17,"0",IF(AI19<=39,"0",IF(AI19<=49,"4",IF(AI19<=54,"5",IF(AI19<=59,"6",IF(AI19<=69,"7",IF(AI19<=79,"8",IF(AI19<=89,"9","10")))))))) -> 9 | AL19: =IF(AG19<=17,"F",IF(AI19<=39,"F",IF(AI19<=49,"P",IF(AI19<=54,"C",IF(AI19<=59,"B",IF(AI19<=69,"B+",IF(AI19<=79,"A",IF(AI19<=89,"A+","O")))))))) -> A+ | AM19: =AJ19*AK19 -> 27 | AO19: 50 | AP19: 27 | AR19: =(AO19+AP19) -> 77 | AS19: 3 | AT19: =IF(AP19<=17,"0",IF(AR19<=39,"0",IF(AR19<=49,"4",IF(AR19<=54,"5",IF(AR19<=59,"6",IF(AR19<=69,"7",IF(AR19<=79,"8",IF(AR19<=89,"9","10")))))))) -> 8 | AU19: =IF(AP19<=17,"F",IF(AR19<=39,"F",IF(AR19<=49,"P",IF(AR19<=54,"C",IF(AR19<=59,"B",IF(AR19<=69,"B+",IF(AR19<=79,"A",IF(AR19<=89,"A+","O")))))))) -> A | AV19: =AS19*AT19 -> 24 | AX19: 50 | AY19: 35 | BA19: =(AX19+AY19) -> 85 | BB19: 1 | BC19: =IF(AY19<=17,"0",IF(BA19<=39,"0",IF(BA19<=49,"4",IF(BA19<=54,"5",IF(BA19<=59,"6",IF(BA19<=69,"7",IF(BA19<=79,"8",IF(BA19<=89,"9","10")))))))) -> 9 | BD19: =IF(AY19<=17,"F",IF(BA19<=39,"F",IF(BA19<=49,"P",IF(BA19<=54,"C",IF(BA19<=59,"B",IF(BA19<=69,"B+",IF(BA19<=79,"A",IF(BA19<=89,"A+","O")))))))) -> A+ | BE19: =BB19*BC19 -> 9 | BF19: Balake Kannada | BG19: 50 | BH19: 46 | BJ19: =(BG19+BH19) -> 96 | BK19: 1 | BL19: =IF(BH19<=17,"0",IF(BJ19<=39,"0",IF(BJ19<=49,"4",IF(BJ19<=54,"5",IF(BJ19<=59,"6",IF(BJ19<=69,"7",IF(BJ19<=79,"8",IF(BJ19<=89,"9","10")))))))) -> 10 | BM19: =IF(BH19<=17,"F",IF(BJ19<=39,"F",IF(BJ19<=49,"P",IF(BJ19<=54,"C",IF(BJ19<=59,"B",IF(BJ19<=69,"B+",IF(BJ19<=79,"A",IF(BJ19<=89,"A+","O")))))))) -> O | BN19: =BK19*BL19 -> 10 | BP19: 50 | BQ19: 40 | BS19: =(BP19+BQ19) -> 90 | BT19: 1 | BU19: =IF(BQ19<=17,"0",IF(BS19<=39,"0",IF(BS19<=49,"4",IF(BS19<=54,"5",IF(BS19<=59,"6",IF(BS19<=69,"7",IF(BS19<=79,"8",IF(BS19<=89,"9","10")))))))) -> 10 | BV19: =IF(BQ19<=17,"F",IF(BS19<=39,"F",IF(BS19<=49,"P",IF(BS19<=54,"C",IF(BS19<=59,"B",IF(BS19<=69,"B+",IF(BS19<=79,"A",IF(BS19<=89,"A+","O")))))))) -> O | BW19: =BT19*BU19 -> 10 | BZ19: =L19+U19+AD19+AM19+AV19+BE19+BN19+BW19 -> 186 | CA19: =BZ19/20 -> 9.3 | CB19: =IF(CA19<4,"F",IF(BV19="F","F",IF(BM19="F","F",IF(BD19="F","F",IF(AU19="F","F",IF(AL19="F","F",IF(AC19="F","F",IF(T19="F","F",IF(K19="F","F",IF(CA19<=5,"C",IF(CA19<6,"B",IF(CA19<7,"B+",IF(CA19<8,"A",IF(CA19<=9,"A+","O")))))))))))))) -> O | CC19: =CA19*9.5 -> 88.35 | CE19: =SUM(BS19,BJ19,BA19,AR19,AI19,Z19,Q19,H19) -> 713 | CF19: =(CE19/800)*100 -> 89.125 | CI19: =IF(CA19<=4,"F",IF(CA19<=6,"PASS",IF(CA19<=6.5,"SC",IF(CA19<=7.5,"FC",IF(CA19<="10","FCD"))))) -> FCD
A20: 58 | B20: 1BI22CD058 | C20: THANYA S | D20: D | E20: 50 | F20: 43 | H20: =SUM(E20:F20) -> 93 | I20: 4 | J20: =IF(F20<=17,"0",IF(H20<=39,"0",IF(H20<=49,"4",IF(H20<=54,"5",IF(H20<=59,"6",IF(H20<=69,"7",IF(H20<=79,"8",IF(H20<=89,"9","10")))))))) -> 10 | K20: =IF(F20<=17,"F",IF(H20<=39,"F",IF(H20<=49,"P",IF(H20<=54,"C",IF(H20<=59,"B",IF(H20<=69,"B+",IF(H20<=79,"A",IF(H20<=89,"A+","O")))))))) -> O | L20: =I20*J20 -> 40 | N20: 50 | O20: 46 | Q20: =SUM(N20:O20) -> 96 | R20: 4 | S20: =IF(O20<=17,"0",IF(Q20<=39,"4",IF(Q20<=49,"4",IF(Q20<=54,"5",IF(Q20<=59,"6",IF(Q20<=69,"7",IF(Q20<=79,"8",IF(Q20<=89,"9","10")))))))) -> 10 | T20: =IF(O20<=17,"F",IF(Q20<=39,"F",IF(Q20<=49,"P",IF(Q20<=54,"C",IF(Q20<=59,"B",IF(Q20<=69,"B+",IF(Q20<=79,"A",IF(Q20<=89,"A+","O")))))))) -> O | U20: =R20*S20 -> 40 | W20: 49 | X20: 47 | Z20: =SUM(W20:X20) -> 96 | AA20: 3 | AB20: =IF(X20<=17,"0",IF(Z20<=39,"0",IF(Z20<=49,"4",IF(Z20<=54,"5",IF(Z20<=59,"6",IF(Z20<=69,"7",IF(Z20<=79,"8",IF(Z20<=89,"9","10")))))))) -> 10 | AC20: =IF(X20<=17,"F",IF(Z20<=39,"F",IF(Z20<=49,"P",IF(Z20<=54,"C",IF(Z20<=59,"B",IF(Z20<=69,"B+",IF(Z20<=79,"A",IF(Z20<=89,"A+","O")))))))) -> O | AD20: =AA20*AB20 -> 30 | AF20: 48 | AG20: 35 | AI20: =SUM(AF20:AG20) -> 83 | AJ20: 3 | AK20: =IF(AG20<=17,"0",IF(AI20<=39,"0",IF(AI20<=49,"4",IF(AI20<=54,"5",IF(AI20<=59,"6",IF(AI20<=69,"7",IF(AI20<=79,"8",IF(AI20<=89,"9","10")))))))) -> 9 | AL20: =IF(AG20<=17,"F",IF(AI20<=39,"F",IF(AI20<=49,"P",IF(AI20<=54,"C",IF(AI20<=59,"B",IF(AI20<=69,"B+",IF(AI20<=79,"A",IF(AI20<=89,"A+","O")))))))) -> A+ | AM20: =AJ20*AK20 -> 27 | AO20: 48 | AP20: 31 | AR20: =(AO20+AP20) -> 79 | AS20: 3 | AT20: =IF(AP20<=17,"0",IF(AR20<=39,"0",IF(AR20<=49,"4",IF(AR20<=54,"5",IF(AR20<=59,"6",IF(AR20<=69,"7",IF(AR20<=79,"8",IF(AR20<=89,"9","10")))))))) -> 8 | AU20: =IF(AP20<=17,"F",IF(AR20<=39,"F",IF(AR20<=49,"P",IF(AR20<=54,"C",IF(AR20<=59,"B",IF(AR20<=69,"B+",IF(AR20<=79,"A",IF(AR20<=89,"A+","O")))))))) -> A | AV20: =AS20*AT20 -> 24 | AX20: 45 | AY20: 29 | BA20: =(AX20+AY20) -> 74 | BB20: 1 | BC20: =IF(AY20<=17,"0",IF(BA20<=39,"0",IF(BA20<=49,"4",IF(BA20<=54,"5",IF(BA20<=59,"6",IF(BA20<=69,"7",IF(BA20<=79,"8",IF(BA20<=89,"9","10")))))))) -> 8 | BD20: =IF(AY20<=17,"F",IF(BA20<=39,"F",IF(BA20<=49,"P",IF(BA20<=54,"C",IF(BA20<=59,"B",IF(BA20<=69,"B+",IF(BA20<=79,"A",IF(BA20<=89,"A+","O")))))))) -> A | BE20: =BB20*BC20 -> 8 | BF20: Samskrutika Kannada | BG20: 47 | BH20: 42 | BJ20: =(BG20+BH20) -> 89 | BK20: 1 | BL20: =IF(BH20<=17,"0",IF(BJ20<=39,"0",IF(BJ20<=49,"4",IF(BJ20<=54,"5",IF(BJ20<=59,"6",IF(BJ20<=69,"7",IF(BJ20<=79,"8",IF(BJ20<=89,"9","10")))))))) -> 9 | BM20: =IF(BH20<=17,"F",IF(BJ20<=39,"F",IF(BJ20<=49,"P",IF(BJ20<=54,"C",IF(BJ20<=59,"B",IF(BJ20<=69,"B+",IF(BJ20<=79,"A",IF(BJ20<=89,"A+","O")))))))) -> A+ | BN20: =BK20*BL20 -> 9 | BP20: 48 | BQ20: 31 | BS20: =(BP20+BQ20) -> 79 | BT20: 1 | BU20: =IF(BQ20<=17,"0",IF(BS20<=39,"0",IF(BS20<=49,"4",IF(BS20<=54,"5",IF(BS20<=59,"6",IF(BS20<=69,"7",IF(BS20<=79,"8",IF(BS20<=89,"9","10")))))))) -> 8 | BV20: =IF(BQ20<=17,"F",IF(BS20<=39,"F",IF(BS20<=49,"P",IF(BS20<=54,"C",IF(BS20<=59,"B",IF(BS20<=69,"B+",IF(BS20<=79,"A",IF(BS20<=89,"A+","O")))))))) -> A | BW20: =BT20*BU20 -> 8 | BZ20: =L20+U20+AD20+AM20+AV20+BE20+BN20+BW20 -> 186 | CA20: =BZ20/20 -> 9.3 | CB20: =IF(CA20<4,"F",IF(BV20="F","F",IF(BM20="F","F",IF(BD20="F","F",IF(AU20="F","F",IF(AL20="F","F",IF(AC20="F","F",IF(T20="F","F",IF(K20="F","F",IF(CA20<=5,"C",IF(CA20<6,"B",IF(CA20<7,"B+",IF(CA20<8,"A",IF(CA20<=9,"A+","O")))))))))))))) -> O | CC20: =CA20*9.5 -> 88.35 | CE20: =SUM(BS20,BJ20,BA20,AR20,AI20,Z20,Q20,H20) -> 689 | CF20: =(CE20/800)*100 -> 86.125 | CI20: =IF(CA20<=4,"F",IF(CA20<=6,"PASS",IF(CA20<=6.5,"SC",IF(CA20<=7.5,"FC",IF(CA20<="10","FCD"))))) -> FCD
A21: =A20+1 -> 59 | B21: 1BI22CD016 | C21: JANANI P | D21: D | E21: 50 | F21: 32 | H21: =SUM(E21:F21) -> 82 | I21: 4 | J21: =IF(F21<=17,"0",IF(H21<=39,"0",IF(H21<=49,"4",IF(H21<=54,"5",IF(H21<=59,"6",IF(H21<=69,"7",IF(H21<=79,"8",IF(H21<=89,"9","10")))))))) -> 9 | K21: =IF(F21<=17,"F",IF(H21<=39,"F",IF(H21<=49,"P",IF(H21<=54,"C",IF(H21<=59,"B",IF(H21<=69,"B+",IF(H21<=79,"A",IF(H21<=89,"A+","O")))))))) -> A+ | L21: =I21*J21 -> 36 | N21: 47 | O21: 41 | Q21: =SUM(N21:O21) -> 88 | R21: 4 | S21: =IF(O21<=17,"0",IF(Q21<=39,"4",IF(Q21<=49,"4",IF(Q21<=54,"5",IF(Q21<=59,"6",IF(Q21<=69,"7",IF(Q21<=79,"8",IF(Q21<=89,"9","10")))))))) -> 9 | T21: =IF(O21<=17,"F",IF(Q21<=39,"F",IF(Q21<=49,"P",IF(Q21<=54,"C",IF(Q21<=59,"B",IF(Q21<=69,"B+",IF(Q21<=79,"A",IF(Q21<=89,"A+","O")))))))) -> A+ | U21: =R21*S21 -> 36 | W21: 47 | X21: 37 | Z21: =SUM(W21:X21) -> 84 | AA21: 3 | AB21: =IF(X21<=17,"0",IF(Z21<=39,"0",IF(Z21<=49,"4",IF(Z21<=54,"5",IF(Z21<=59,"6",IF(Z21<=69,"7",IF(Z21<=79,"8",IF(Z21<=89,"9","10")))))))) -> 9 | AC21: =IF(X21<=17,"F",IF(Z21<=39,"F",IF(Z21<=49,"P",IF(Z21<=54,"C",IF(Z21<=59,"B",IF(Z21<=69,"B+",IF(Z21<=79,"A",IF(Z21<=89,"A+","O")))))))) -> A+ | AD21: =AA21*AB21 -> 27 | AF21: 48 | AG21: 46 | AI21: =SUM(AF21:AG21) -> 94 | AJ21: 3 | AK21: =IF(AG21<=17,"0",IF(AI21<=39,"0",IF(AI21<=49,"4",IF(AI21<=54,"5",IF(AI21<=59,"6",IF(AI21<=69,"7",IF(AI21<=79,"8",IF(AI21<=89,"9","10")))))))) -> 10 | AL21: =IF(AG21<=17,"F",IF(AI21<=39,"F",IF(AI21<=49,"P",IF(AI21<=54,"C",IF(AI21<=59,"B",IF(AI21<=69,"B+",IF(AI21<=79,"A",IF(AI21<=89,"A+","O")))))))) -> O | AM21: =AJ21*AK21 -> 30 | AO21: 50 | AP21: 36 | AR21: =(AO21+AP21) -> 86 | AS21: 3 | AT21: =IF(AP21<=17,"0",IF(AR21<=39,"0",IF(AR21<=49,"4",IF(AR21<=54,"5",IF(AR21<=59,"6",IF(AR21<=69,"7",IF(AR21<=79,"8",IF(AR21<=89,"9","10")))))))) -> 9 | AU21: =IF(AP21<=17,"F",IF(AR21<=39,"F",IF(AR21<=49,"P",IF(AR21<=54,"C",IF(AR21<=59,"B",IF(AR21<=69,"B+",IF(AR21<=79,"A",IF(AR21<=89,"A+","O")))))))) -> A+ | AV21: =AS21*AT21 -> 27 | AX21: 47 | AY21: 39 | BA21: =(AX21+AY21) -> 86 | BB21: 1 | BC21: =IF(AY21<=17,"0",IF(BA21<=39,"0",IF(BA21<=49,"4",IF(BA21<=54,"5",IF(BA21<=59,"6",IF(BA21<=69,"7",IF(BA21<=79,"8",IF(BA21<=89,"9","10")))))))) -> 9 | BD21: =IF(AY21<=17,"F",IF(BA21<=39,"F",IF(BA21<=49,"P",IF(BA21<=54,"C",IF(BA21<=59,"B",IF(BA21<=69,"B+",IF(BA21<=79,"A",IF(BA21<=89,"A+","O")))))))) -> A+ | BE21: =BB21*BC21 -> 9 | BF21: Balake Kannada | BG21: 49 | BH21: 48 | BJ21: =(BG21+BH21) -> 97 | BK21: 1 | BL21: =IF(BH21<=17,"0",IF(BJ21<=39,"0",IF(BJ21<=49,"4",IF(BJ21<=54,"5",IF(BJ21<=59,"6",IF(BJ21<=69,"7",IF(BJ21<=79,"8",IF(BJ21<=89,"9","10")))))))) -> 10 | BM21: =IF(BH21<=17,"F",IF(BJ21<=39,"F",IF(BJ21<=49,"P",IF(BJ21<=54,"C",IF(BJ21<=59,"B",IF(BJ21<=69,"B+",IF(BJ21<=79,"A",IF(BJ21<=89,"A+","O")))))))) -> O | BN21: =BK21*BL21 -> 10 | BP21: 48 | BQ21: 43 | BS21: =(BP21+BQ21) -> 91 | BT21: 1 | BU21: =IF(BQ21<=17,"0",IF(BS21<=39,"0",IF(BS21<=49,"4",IF(BS21<=54,"5",IF(BS21<=59,"6",IF(BS21<=69,"7",IF(BS21<=79,"8",IF(BS21<=89,"9","10")))))))) -> 10 | BV21: =IF(BQ21<=17,"F",IF(BS21<=39,"F",IF(BS21<=49,"P",IF(BS21<=54,"C",IF(BS21<=59,"B",IF(BS21<=69,"B+",IF(BS21<=79,"A",IF(BS21<=89,"A+","O")))))))) -> O | BW21: =BT21*BU21 -> 10 | BZ21: =L21+U21+AD21+AM21+AV21+BE21+BN21+BW21 -> 185 | CA21: =BZ21/20 -> 9.25 | CB21: =IF(CA21<4,"F",IF(BV21="F","F",IF(BM21="F","F",IF(BD21="F","F",IF(AU21="F","F",IF(AL21="F","F",IF(AC21="F","F",IF(T21="F","F",IF(K21="F","F",IF(CA21<=5,"C",IF(CA21<6,"B",IF(CA21<7,"B+",IF(CA21<8,"A",IF(CA21<=9,"A+","O")))))))))))))) -> O | CC21: =CA21*9.5 -> 87.875 | CE21: =SUM(BS21,BJ21,BA21,AR21,AI21,Z21,Q21,H21) -> 708 | CF21: =(CE21/800)*100 -> 88.5 | CI21: =IF(CA21<=4,"F",IF(CA21<=6,"PASS",IF(CA21<=6.5,"SC",IF(CA21<=7.5,"FC",IF(CA21<="10","FCD"))))) -> FCD
A22: =A21+1 -> 60 | B22: 1BI22CD006 | C22: BHUMIKA KALASAREDDY | D22: D | E22: 47 | F22: 38 | H22: =SUM(E22:F22) -> 85 | I22: 4 | J22: =IF(F22<=17,"0",IF(H22<=39,"0",IF(H22<=49,"4",IF(H22<=54,"5",IF(H22<=59,"6",IF(H22<=69,"7",IF(H22<=79,"8",IF(H22<=89,"9","10")))))))) -> 9 | K22: =IF(F22<=17,"F",IF(H22<=39,"F",IF(H22<=49,"P",IF(H22<=54,"C",IF(H22<=59,"B",IF(H22<=69,"B+",IF(H22<=79,"A",IF(H22<=89,"A+","O")))))))) -> A+ | L22: =I22*J22 -> 36 | N22: 46 | O22: 44 | Q22: =SUM(N22:O22) -> 90 | R22: 4 | S22: =IF(O22<=17,"0",IF(Q22<=39,"4",IF(Q22<=49,"4",IF(Q22<=54,"5",IF(Q22<=59,"6",IF(Q22<=69,"7",IF(Q22<=79,"8",IF(Q22<=89,"9","10")))))))) -> 10 | T22: =IF(O22<=17,"F",IF(Q22<=39,"F",IF(Q22<=49,"P",IF(Q22<=54,"C",IF(Q22<=59,"B",IF(Q22<=69,"B+",IF(Q22<=79,"A",IF(Q22<=89,"A+","O")))))))) -> O | U22: =R22*S22 -> 40 | W22: 47 | X22: 43 | Z22: =SUM(W22:X22) -> 90 | AA22: 3 | AB22: =IF(X22<=17,"0",IF(Z22<=39,"0",IF(Z22<=49,"4",IF(Z22<=54,"5",IF(Z22<=59,"6",IF(Z22<=69,"7",IF(Z22<=79,"8",IF(Z22<=89,"9","10")))))))) -> 10 | AC22: =IF(X22<=17,"F",IF(Z22<=39,"F",IF(Z22<=49,"P",IF(Z22<=54,"C",IF(Z22<=59,"B",IF(Z22<=69,"B+",IF(Z22<=79,"A",IF(Z22<=89,"A+","O")))))))) -> O | AD22: =AA22*AB22 -> 30 | AF22: 48 | AG22: 40 | AI22: =SUM(AF22:AG22) -> 88 | AJ22: 3 | AK22: =IF(AG22<=17,"0",IF(AI22<=39,"0",IF(AI22<=49,"4",IF(AI22<=54,"5",IF(AI22<=59,"6",IF(AI22<=69,"7",IF(AI22<=79,"8",IF(AI22<=89,"9","10")))))))) -> 9 | AL22: =IF(AG22<=17,"F",IF(AI22<=39,"F",IF(AI22<=49,"P",IF(AI22<=54,"C",IF(AI22<=59,"B",IF(AI22<=69,"B+",IF(AI22<=79,"A",IF(AI22<=89,"A+","O")))))))) -> A+ | AM22: =AJ22*AK22 -> 27 | AO22: 50 | AP22: 35 | AR22: =(AO22+AP22) -> 85 | AS22: 3 | AT22: =IF(AP22<=17,"0",IF(AR22<=39,"0",IF(AR22<=49,"4",IF(AR22<=54,"5",IF(AR22<=59,"6",IF(AR22<=69,"7",IF(AR22<=79,"8",IF(AR22<=89,"9","10")))))))) -> 9 | AU22: =IF(AP22<=17,"F",IF(AR22<=39,"F",IF(AR22<=49,"P",IF(AR22<=54,"C",IF(AR22<=59,"B",IF(AR22<=69,"B+",IF(AR22<=79,"A",IF(AR22<=89,"A+","O")))))))) -> A+ | AV22: =AS22*AT22 -> 27 | AX22: 46 | AY22: 22 | BA22: =(AX22+AY22) -> 68 | BB22: 1 | BC22: =IF(AY22<=17,"0",IF(BA22<=39,"0",IF(BA22<=49,"4",IF(BA22<=54,"5",IF(BA22<=59,"6",IF(BA22<=69,"7",IF(BA22<=79,"8",IF(BA22<=89,"9","10")))))))) -> 7 | BD22: =IF(AY22<=17,"F",IF(BA22<=39,"F",IF(BA22<=49,"P",IF(BA22<=54,"C",IF(BA22<=59,"B",IF(BA22<=69,"B+",IF(BA22<=79,"A",IF(BA22<=89,"A+","O")))))))) -> B+ | BE22: =BB22*BC22 -> 7 | BF22: Samskrutika Kannada | BG22: 40 | BH22: 32 | BJ22: =(BG22+BH22) -> 72 | BK22: 1 | BL22: =IF(BH22<=17,"0",IF(BJ22<=39,"0",IF(BJ22<=49,"4",IF(BJ22<=54,"5",IF(BJ22<=59,"6",IF(BJ22<=69,"7",IF(BJ22<=79,"8",IF(BJ22<=89,"9","10")))))))) -> 8 | BM22: =IF(BH22<=17,"F",IF(BJ22<=39,"F",IF(BJ22<=49,"P",IF(BJ22<=54,"C",IF(BJ22<=59,"B",IF(BJ22<=69,"B+",IF(BJ22<=79,"A",IF(BJ22<=89,"A+","O")))))))) -> A | BN22: =BK22*BL22 -> 8 | BP22: 46 | BQ22: 39 | BS22: =(BP22+BQ22) -> 85 | BT22: 1 | BU22: =IF(BQ22<=17,"0",IF(BS22<=39,"0",IF(BS22<=49,"4",IF(BS22<=54,"5",IF(BS22<=59,"6",IF(BS22<=69,"7",IF(BS22<=79,"8",IF(BS22<=89,"9","10")))))))) -> 9 | BV22: =IF(BQ22<=17,"F",IF(BS22<=39,"F",IF(BS22<=49,"P",IF(BS22<=54,"C",IF(BS22<=59,"B",IF(BS22<=69,"B+",IF(BS22<=79,"A",IF(BS22<=89,"A+","O")))))))) -> A+ | BW22: =BT22*BU22 -> 9 | BZ22: =L22+U22+AD22+AM22+AV22+BE22+BN22+BW22 -> 184 | CA22: =BZ22/20 -> 9.2 | CB22: =IF(CA22<4,"F",IF(BV22="F","F",IF(BM22="F","F",IF(BD22="F","F",IF(AU22="F","F",IF(AL22="F","F",IF(AC22="F","F",IF(T22="F","F",IF(K22="F","F",IF(CA22<=5,"C",IF(CA22<6,"B",IF(CA22<7,"B+",IF(CA22<8,"A",IF(CA22<=9,"A+","O")))))))))))))) -> O | CC22: =CA22*9.5 -> 87.4 | CE22: =SUM(BS22,BJ22,BA22,AR22,AI22,Z22,Q22,H22) -> 663 | CF22: =(CE22/800)*100 -> 82.875 | CI22: =IF(CA22<=4,"F",IF(CA22<=6,"PASS",IF(CA22<=6.5,"SC",IF(CA22<=7.5,"FC",IF(CA22<="10","FCD"))))) -> FCD
A23: =A22+1 -> 61 | B23: 1BI22CD003 | C23: ARPITA KRISHNA | D23: D | E23: 50 | F23: 36 | H23: =SUM(E23:F23) -> 86 | I23: 4 | J23: =IF(F23<=17,"0",IF(H23<=39,"0",IF(H23<=49,"4",IF(H23<=54,"5",IF(H23<=59,"6",IF(H23<=69,"7",IF(H23<=79,"8",IF(H23<=89,"9","10")))))))) -> 9 | K23: =IF(F23<=17,"F",IF(H23<=39,"F",IF(H23<=49,"P",IF(H23<=54,"C",IF(H23<=59,"B",IF(H23<=69,"B+",IF(H23<=79,"A",IF(H23<=89,"A+","O")))))))) -> A+ | L23: =I23*J23 -> 36 | N23: 50 | O23: 33 | Q23: =SUM(N23:O23) -> 83 | R23: 4 | S23: =IF(O23<=17,"0",IF(Q23<=39,"4",IF(Q23<=49,"4",IF(Q23<=54,"5",IF(Q23<=59,"6",IF(Q23<=69,"7",IF(Q23<=79,"8",IF(Q23<=89,"9","10")))))))) -> 9 | T23: =IF(O23<=17,"F",IF(Q23<=39,"F",IF(Q23<=49,"P",IF(Q23<=54,"C",IF(Q23<=59,"B",IF(Q23<=69,"B+",IF(Q23<=79,"A",IF(Q23<=89,"A+","O")))))))) -> A+ | U23: =R23*S23 -> 36 | W23: 50 | X23: 44 | Z23: =SUM(W23:X23) -> 94 | AA23: 3 | AB23: =IF(X23<=17,"0",IF(Z23<=39,"0",IF(Z23<=49,"4",IF(Z23<=54,"5",IF(Z23<=59,"6",IF(Z23<=69,"7",IF(Z23<=79,"8",IF(Z23<=89,"9","10")))))))) -> 10 | AC23: =IF(X23<=17,"F",IF(Z23<=39,"F",IF(Z23<=49,"P",IF(Z23<=54,"C",IF(Z23<=59,"B",IF(Z23<=69,"B+",IF(Z23<=79,"A",IF(Z23<=89,"A+","O")))))))) -> O | AD23: =AA23*AB23 -> 30 | AF23: 50 | AG23: 35 | AI23: =SUM(AF23:AG23) -> 85 | AJ23: 3 | AK23: =IF(AG23<=17,"0",IF(AI23<=39,"0",IF(AI23<=49,"4",IF(AI23<=54,"5",IF(AI23<=59,"6",IF(AI23<=69,"7",IF(AI23<=79,"8",IF(AI23<=89,"9","10")))))))) -> 9 | AL23: =IF(AG23<=17,"F",IF(AI23<=39,"F",IF(AI23<=49,"P",IF(AI23<=54,"C",IF(AI23<=59,"B",IF(AI23<=69,"B+",IF(AI23<=79,"A",IF(AI23<=89,"A+","O")))))))) -> A+ | AM23: =AJ23*AK23 -> 27 | AO23: 50 | AP23: 28 | AR23: =(AO23+AP23) -> 78 | AS23: 3 | AT23: =IF(AP23<=17,"0",IF(AR23<=39,"0",IF(AR23<=49,"4",IF(AR23<=54,"5",IF(AR23<=59,"6",IF(AR23<=69,"7",IF(AR23<=79,"8",IF(AR23<=89,"9","10")))))))) -> 8 | AU23: =IF(AP23<=17,"F",IF(AR23<=39,"F",IF(AR23<=49,"P",IF(AR23<=54,"C",IF(AR23<=59,"B",IF(AR23<=69,"B+",IF(AR23<=79,"A",IF(AR23<=89,"A+","O")))))))) -> A | AV23: =AS23*AT23 -> 24 | AX23: 50 | AY23: 41 | BA23: =(AX23+AY23) -> 91 | BB23: 1 | BC23: =IF(AY23<=17,"0",IF(BA23<=39,"0",IF(BA23<=49,"4",IF(BA23<=54,"5",IF(BA23<=59,"6",IF(BA23<=69,"7",IF(BA23<=79,"8",IF(BA23<=89,"9","10")))))))) -> 10 | BD23: =IF(AY23<=17,"F",IF(BA23<=39,"F",IF(BA23<=49,"P",IF(BA23<=54,"C",IF(BA23<=59,"B",IF(BA23<=69,"B+",IF(BA23<=79,"A",IF(BA23<=89,"A+","O")))))))) -> O | BE23: =BB23*BC23 -> 10 | BF23: Balake Kannada | BG23: 50 | BH23: 49 | BJ23: =(BG23+BH23) -> 99 | BK23: 1 | BL23: =IF(BH23<=17,"0",IF(BJ23<=39,"0",IF(BJ23<=49,"4",IF(BJ23<=54,"5",IF(BJ23<=59,"6",IF(BJ23<=69,"7",IF(BJ23<=79,"8",IF(BJ23<=89,"9","10")))))))) -> 10 | BM23: =IF(BH23<=17,"F",IF(BJ23<=39,"F",IF(BJ23<=49,"P",IF(BJ23<=54,"C",IF(BJ23<=59,"B",IF(BJ23<=69,"B+",IF(BJ23<=79,"A",IF(BJ23<=89,"A+","O")))))))) -> O | BN23: =BK23*BL23 -> 10 | BP23: 50 | BQ23: 42 | BS23: =(BP23+BQ23) -> 92 | BT23: 1 | BU23: =IF(BQ23<=17,"0",IF(BS23<=39,"0",IF(BS23<=49,"4",IF(BS23<=54,"5",IF(BS23<=59,"6",IF(BS23<=69,"7",IF(BS23<=79,"8",IF(BS23<=89,"9","10")))))))) -> 10 | BV23: =IF(BQ23<=17,"F",IF(BS23<=39,"F",IF(BS23<=49,"P",IF(BS23<=54,"C",IF(BS23<=59,"B",IF(BS23<=69,"B+",IF(BS23<=79,"A",IF(BS23<=89,"A+","O")))))))) -> O | BW23: =BT23*BU23 -> 10 | BZ23: =L23+U23+AD23+AM23+AV23+BE23+BN23+BW23 -> 183 | CA23: =BZ23/20 -> 9.15 | CB23: =IF(CA23<4,"F",IF(BV23="F","F",IF(BM23="F","F",IF(BD23="F","F",IF(AU23="F","F",IF(AL23="F","F",IF(AC23="F","F",IF(T23="F","F",IF(K23="F","F",IF(CA23<=5,"C",IF(CA23<6,"B",IF(CA23<7,"B+",IF(CA23<8,"A",IF(CA23<=9,"A+","O")))))))))))))) -> O | CC23: =CA23*9.5 -> 86.925 | CE23: =SUM(BS23,BJ23,BA23,AR23,AI23,Z23,Q23,H23) -> 708 | CF23: =(CE23/800)*100 -> 88.5 | CI23: =IF(CA23<=4,"F",IF(CA23<=6,"PASS",IF(CA23<=6.5,"SC",IF(CA23<=7.5,"FC",IF(CA23<="10","FCD"))))) -> FCD
A24: =A23+1 -> 62 | B24: 1BI22CD010 | C24: DEVAJ S | D24: D | E24: 46 | F24: 50 | H24: =SUM(E24:F24) -> 96 | I24: 4 | J24: =IF(F24<=17,"0",IF(H24<=39,"0",IF(H24<=49,"4",IF(H24<=54,"5",IF(H24<=59,"6",IF(H24<=69,"7",IF(H24<=79,"8",IF(H24<=89,"9","10")))))))) -> 10 | K24: =IF(F24<=17,"F",IF(H24<=39,"F",IF(H24<=49,"P",IF(H24<=54,"C",IF(H24<=59,"B",IF(H24<=69,"B+",IF(H24<=79,"A",IF(H24<=89,"A+","O")))))))) -> O | L24: =I24*J24 -> 40 | N24: 44 | O24: 41 | Q24: =SUM(N24:O24) -> 85 | R24: 4 | S24: =IF(O24<=17,"0",IF(Q24<=39,"4",IF(Q24<=49,"4",IF(Q24<=54,"5",IF(Q24<=59,"6",IF(Q24<=69,"7",IF(Q24<=79,"8",IF(Q24<=89,"9","10")))))))) -> 9 | T24: =IF(O24<=17,"F",IF(Q24<=39,"F",IF(Q24<=49,"P",IF(Q24<=54,"C",IF(Q24<=59,"B",IF(Q24<=69,"B+",IF(Q24<=79,"A",IF(Q24<=89,"A+","O")))))))) -> A+ | U24: =R24*S24 -> 36 | W24: 47 | X24: 45 | Z24: =SUM(W24:X24) -> 92 | AA24: 3 | AB24: =IF(X24<=17,"0",IF(Z24<=39,"0",IF(Z24<=49,"4",IF(Z24<=54,"5",IF(Z24<=59,"6",IF(Z24<=69,"7",IF(Z24<=79,"8",IF(Z24<=89,"9","10")))))))) -> 10 | AC24: =IF(X24<=17,"F",IF(Z24<=39,"F",IF(Z24<=49,"P",IF(Z24<=54,"C",IF(Z24<=59,"B",IF(Z24<=69,"B+",IF(Z24<=79,"A",IF(Z24<=89,"A+","O")))))))) -> O | AD24: =AA24*AB24 -> 30 | AF24: 40 | AG24: 39 | AI24: =SUM(AF24:AG24) -> 79 | AJ24: 3 | AK24: =IF(AG24<=17,"0",IF(AI24<=39,"0",IF(AI24<=49,"4",IF(AI24<=54,"5",IF(AI24<=59,"6",IF(AI24<=69,"7",IF(AI24<=79,"8",IF(AI24<=89,"9","10")))))))) -> 8 | AL24: =IF(AG24<=17,"F",IF(AI24<=39,"F",IF(AI24<=49,"P",IF(AI24<=54,"C",IF(AI24<=59,"B",IF(AI24<=69,"B+",IF(AI24<=79,"A",IF(AI24<=89,"A+","O")))))))) -> A | AM24: =AJ24*AK24 -> 24 | AO24: 49 | AP24: 32 | AR24: =(AO24+AP24) -> 81 | AS24: 3 | AT24: =IF(AP24<=17,"0",IF(AR24<=39,"0",IF(AR24<=49,"4",IF(AR24<=54,"5",IF(AR24<=59,"6",IF(AR24<=69,"7",IF(AR24<=79,"8",IF(AR24<=89,"9","10")))))))) -> 9 | AU24: =IF(AP24<=17,"F",IF(AR24<=39,"F",IF(AR24<=49,"P",IF(AR24<=54,"C",IF(AR24<=59,"B",IF(AR24<=69,"B+",IF(AR24<=79,"A",IF(AR24<=89,"A+","O")))))))) -> A+ | AV24: =AS24*AT24 -> 27 | AX24: 46 | AY24: 35 | BA24: =(AX24+AY24) -> 81 | BB24: 1 | BC24: =IF(AY24<=17,"0",IF(BA24<=39,"0",IF(BA24<=49,"4",IF(BA24<=54,"5",IF(BA24<=59,"6",IF(BA24<=69,"7",IF(BA24<=79,"8",IF(BA24<=89,"9","10")))))))) -> 9 | BD24: =IF(AY24<=17,"F",IF(BA24<=39,"F",IF(BA24<=49,"P",IF(BA24<=54,"C",IF(BA24<=59,"B",IF(BA24<=69,"B+",IF(BA24<=79,"A",IF(BA24<=89,"A+","O")))))))) -> A+ | BE24: =BB24*BC24 -> 9 | BF24: Samskrutika Kannada | BG24: 45 | BH24: 32 | BJ24: =(BG24+BH24) -> 77 | BK24: 1 | BL24: =IF(BH24<=17,"0",IF(BJ24<=39,"0",IF(BJ24<=49,"4",IF(BJ24<=54,"5",IF(BJ24<=59,"6",IF(BJ24<=69,"7",IF(BJ24<=79,"8",IF(BJ24<=89,"9","10")))))))) -> 8 | BM24: =IF(BH24<=17,"F",IF(BJ24<=39,"F",IF(BJ24<=49,"P",IF(BJ24<=54,"C",IF(BJ24<=59,"B",IF(BJ24<=69,"B+",IF(BJ24<=79,"A",IF(BJ24<=89,"A+","O")))))))) -> A | BN24: =BK24*BL24 -> 8 | BP24: 48 | BQ24: 38 | BS24: =(BP24+BQ24) -> 86 | BT24: 1 | BU24: =IF(BQ24<=17,"0",IF(BS24<=39,"0",IF(BS24<=49,"4",IF(BS24<=54,"5",IF(BS24<=59,"6",IF(BS24<=69,"7",IF(BS24<=79,"8",IF(BS24<=89,"9","10")))))))) -> 9 | BV24: =IF(BQ24<=17,"F",IF(BS24<=39,"F",IF(BS24<=49,"P",IF(BS24<=54,"C",IF(BS24<=59,"B",IF(BS24<=69,"B+",IF(BS24<=79,"A",IF(BS24<=89,"A+","O")))))))) -> A+ | BW24: =BT24*BU24 -> 9 | BZ24: =L24+U24+AD24+AM24+AV24+BE24+BN24+BW24 -> 183 | CA24: =BZ24/20 -> 9.15 | CB24: =IF(CA24<4,"F",IF(BV24="F","F",IF(BM24="F","F",IF(BD24="F","F",IF(AU24="F","F",IF(AL24="F","F",IF(AC24="F","F",IF(T24="F","F",IF(K24="F","F",IF(CA24<=5,"C",IF(CA24<6,"B",IF(CA24<7,"B+",IF(CA24<8,"A",IF(CA24<=9,"A+","O")))))))))))))) -> O | CC24: =CA24*9.5 -> 86.925 | CE24: =SUM(BS24,BJ24,BA24,AR24,AI24,Z24,Q24,H24) -> 677 | CF24: =(CE24/800)*100 -> 84.625 | CI24: =IF(CA24<=4,"F",IF(CA24<=6,"PASS",IF(CA24<=6.5,"SC",IF(CA24<=7.5,"FC",IF(CA24<="10","FCD"))))) -> FCD
A25: =A24+1 -> 63 | B25: 1BI22CD047 | C25: SHARAD KRISHNA J S | D25: D | E25: 49 | F25: 42 | H25: =SUM(E25:F25) -> 91 | I25: 4 | J25: =IF(F25<=17,"0",IF(H25<=39,"0",IF(H25<=49,"4",IF(H25<=54,"5",IF(H25<=59,"6",IF(H25<=69,"7",IF(H25<=79,"8",IF(H25<=89,"9","10")))))))) -> 10 | K25: =IF(F25<=17,"F",IF(H25<=39,"F",IF(H25<=49,"P",IF(H25<=54,"C",IF(H25<=59,"B",IF(H25<=69,"B+",IF(H25<=79,"A",IF(H25<=89,"A+","O")))))))) -> O | L25: =I25*J25 -> 40 | N25: 50 | O25: 33 | Q25: =SUM(N25:O25) -> 83 | R25: 4 | S25: =IF(O25<=17,"0",IF(Q25<=39,"4",IF(Q25<=49,"4",IF(Q25<=54,"5",IF(Q25<=59,"6",IF(Q25<=69,"7",IF(Q25<=79,"8",IF(Q25<=89,"9","10")))))))) -> 9 | T25: =IF(O25<=17,"F",IF(Q25<=39,"F",IF(Q25<=49,"P",IF(Q25<=54,"C",IF(Q25<=59,"B",IF(Q25<=69,"B+",IF(Q25<=79,"A",IF(Q25<=89,"A+","O")))))))) -> A+ | U25: =R25*S25 -> 36 | W25: 48 | X25: 48 | Z25: =SUM(W25:X25) -> 96 | AA25: 3 | AB25: =IF(X25<=17,"0",IF(Z25<=39,"0",IF(Z25<=49,"4",IF(Z25<=54,"5",IF(Z25<=59,"6",IF(Z25<=69,"7",IF(Z25<=79,"8",IF(Z25<=89,"9","10")))))))) -> 10 | AC25: =IF(X25<=17,"F",IF(Z25<=39,"F",IF(Z25<=49,"P",IF(Z25<=54,"C",IF(Z25<=59,"B",IF(Z25<=69,"B+",IF(Z25<=79,"A",IF(Z25<=89,"A+","O")))))))) -> O | AD25: =AA25*AB25 -> 30 | AF25: 44 | AG25: 33 | AI25: =SUM(AF25:AG25) -> 77 | AJ25: 3 | AK25: =IF(AG25<=17,"0",IF(AI25<=39,"0",IF(AI25<=49,"4",IF(AI25<=54,"5",IF(AI25<=59,"6",IF(AI25<=69,"7",IF(AI25<=79,"8",IF(AI25<=89,"9","10")))))))) -> 8 | AL25: =IF(AG25<=17,"F",IF(AI25<=39,"F",IF(AI25<=49,"P",IF(AI25<=54,"C",IF(AI25<=59,"B",IF(AI25<=69,"B+",IF(AI25<=79,"A",IF(AI25<=89,"A+","O")))))))) -> A | AM25: =AJ25*AK25 -> 24 | AO25: 50 | AP25: 30 | AR25: =(AO25+AP25) -> 80 | AS25: 3 | AT25: =IF(AP25<=17,"0",IF(AR25<=39,"0",IF(AR25<=49,"4",IF(AR25<=54,"5",IF(AR25<=59,"6",IF(AR25<=69,"7",IF(AR25<=79,"8",IF(AR25<=89,"9","10")))))))) -> 9 | AU25: =IF(AP25<=17,"F",IF(AR25<=39,"F",IF(AR25<=49,"P",IF(AR25<=54,"C",IF(AR25<=59,"B",IF(AR25<=69,"B+",IF(AR25<=79,"A",IF(AR25<=89,"A+","O")))))))) -> A+ | AV25: =AS25*AT25 -> 27 | AX25: 48 | AY25: 36 | BA25: =(AX25+AY25) -> 84 | BB25: 1 | BC25: =IF(AY25<=17,"0",IF(BA25<=39,"0",IF(BA25<=49,"4",IF(BA25<=54,"5",IF(BA25<=59,"6",IF(BA25<=69,"7",IF(BA25<=79,"8",IF(BA25<=89,"9","10")))))))) -> 9 | BD25: =IF(AY25<=17,"F",IF(BA25<=39,"F",IF(BA25<=49,"P",IF(BA25<=54,"C",IF(BA25<=59,"B",IF(BA25<=69,"B+",IF(BA25<=79,"A",IF(BA25<=89,"A+","O")))))))) -> A+ | BE25: =BB25*BC25 -> 9 | BF25: Samskrutika Kannada | BG25: 43 | BH25: 36 | BJ25: =(BG25+BH25) -> 79 | BK25: 1 | BL25: =IF(BH25<=17,"0",IF(BJ25<=39,"0",IF(BJ25<=49,"4",IF(BJ25<=54,"5",IF(BJ25<=59,"6",IF(BJ25<=69,"7",IF(BJ25<=79,"8",IF(BJ25<=89,"9","10")))))))) -> 8 | BM25: =IF(BH25<=17,"F",IF(BJ25<=39,"F",IF(BJ25<=49,"P",IF(BJ25<=54,"C",IF(BJ25<=59,"B",IF(BJ25<=69,"B+",IF(BJ25<=79,"A",IF(BJ25<=89,"A+","O")))))))) -> A | BN25: =BK25*BL25 -> 8 | BP25: 44 | BQ25: 42 | BS25: =(BP25+BQ25) -> 86 | BT25: 1 | BU25: =IF(BQ25<=17,"0",IF(BS25<=39,"0",IF(BS25<=49,"4",IF(BS25<=54,"5",IF(BS25<=59,"6",IF(BS25<=69,"7",IF(BS25<=79,"8",IF(BS25<=89,"9","10")))))))) -> 9 | BV25: =IF(BQ25<=17,"F",IF(BS25<=39,"F",IF(BS25<=49,"P",IF(BS25<=54,"C",IF(BS25<=59,"B",IF(BS25<=69,"B+",IF(BS25<=79,"A",IF(BS25<=89,"A+","O")))))))) -> A+ | BW25: =BT25*BU25 -> 9 | BZ25: =L25+U25+AD25+AM25+AV25+BE25+BN25+BW25 -> 183 | CA25: =BZ25/20 -> 9.15 | CB25: =IF(CA25<4,"F",IF(BV25="F","F",IF(BM25="F","F",IF(BD25="F","F",IF(AU25="F","F",IF(AL25="F","F",IF(AC25="F","F",IF(T25="F","F",IF(K25="F","F",IF(CA25<=5,"C",IF(CA25<6,"B",IF(CA25<7,"B+",IF(CA25<8,"A",IF(CA25<=9,"A+","O")))))))))))))) -> O | CC25: =CA25*9.5 -> 86.925 | CE25: =SUM(BS25,BJ25,BA25,AR25,AI25,Z25,Q25,H25) -> 676 | CF25: =(CE25/800)*100 -> 84.5 | CI25: =IF(CA25<=4,"F",IF(CA25<=6,"PASS",IF(CA25<=6.5,"SC",IF(CA25<=7.5,"FC",IF(CA25<="10","FCD"))))) -> FCD
A26: =A25+1 -> 64 | B26: 1BI22CD027 | C26: NAGASUPRIYA BANDLAMUDI | D26: D | E26: 50 | F26: 36 | H26: =SUM(E26:F26) -> 86 | I26: 4 | J26: =IF(F26<=17,"0",IF(H26<=39,"0",IF(H26<=49,"4",IF(H26<=54,"5",IF(H26<=59,"6",IF(H26<=69,"7",IF(H26<=79,"8",IF(H26<=89,"9","10")))))))) -> 9 | K26: =IF(F26<=17,"F",IF(H26<=39,"F",IF(H26<=49,"P",IF(H26<=54,"C",IF(H26<=59,"B",IF(H26<=69,"B+",IF(H26<=79,"A",IF(H26<=89,"A+","O")))))))) -> A+ | L26: =I26*J26 -> 36 | N26: 50 | O26: 35 | Q26: =SUM(N26:O26) -> 85 | R26: 4 | S26: =IF(O26<=17,"0",IF(Q26<=39,"4",IF(Q26<=49,"4",IF(Q26<=54,"5",IF(Q26<=59,"6",IF(Q26<=69,"7",IF(Q26<=79,"8",IF(Q26<=89,"9","10")))))))) -> 9 | T26: =IF(O26<=17,"F",IF(Q26<=39,"F",IF(Q26<=49,"P",IF(Q26<=54,"C",IF(Q26<=59,"B",IF(Q26<=69,"B+",IF(Q26<=79,"A",IF(Q26<=89,"A+","O")))))))) -> A+ | U26: =R26*S26 -> 36 | W26: 50 | X26: 41 | Z26: =SUM(W26:X26) -> 91 | AA26: 3 | AB26: =IF(X26<=17,"0",IF(Z26<=39,"0",IF(Z26<=49,"4",IF(Z26<=54,"5",IF(Z26<=59,"6",IF(Z26<=69,"7",IF(Z26<=79,"8",IF(Z26<=89,"9","10")))))))) -> 10 | AC26: =IF(X26<=17,"F",IF(Z26<=39,"F",IF(Z26<=49,"P",IF(Z26<=54,"C",IF(Z26<=59,"B",IF(Z26<=69,"B+",IF(Z26<=79,"A",IF(Z26<=89,"A+","O")))))))) -> O | AD26: =AA26*AB26 -> 30 | AF26: 50 | AG26: 39 | AI26: =SUM(AF26:AG26) -> 89 | AJ26: 3 | AK26: =IF(AG26<=17,"0",IF(AI26<=39,"0",IF(AI26<=49,"4",IF(AI26<=54,"5",IF(AI26<=59,"6",IF(AI26<=69,"7",IF(AI26<=79,"8",IF(AI26<=89,"9","10")))))))) -> 9 | AL26: =IF(AG26<=17,"F",IF(AI26<=39,"F",IF(AI26<=49,"P",IF(AI26<=54,"C",IF(AI26<=59,"B",IF(AI26<=69,"B+",IF(AI26<=79,"A",IF(AI26<=89,"A+","O")))))))) -> A+ | AM26: =AJ26*AK26 -> 27 | AO26: 50 | AP26: 29 | AR26: =(AO26+AP26) -> 79 | AS26: 3 | AT26: =IF(AP26<=17,"0",IF(AR26<=39,"0",IF(AR26<=49,"4",IF(AR26<=54,"5",IF(AR26<=59,"6",IF(AR26<=69,"7",IF(AR26<=79,"8",IF(AR26<=89,"9","10")))))))) -> 8 | AU26: =IF(AP26<=17,"F",IF(AR26<=39,"F",IF(AR26<=49,"P",IF(AR26<=54,"C",IF(AR26<=59,"B",IF(AR26<=69,"B+",IF(AR26<=79,"A",IF(AR26<=89,"A+","O")))))))) -> A | AV26: =AS26*AT26 -> 24 | AX26: 50 | AY26: 33 | BA26: =(AX26+AY26) -> 83 | BB26: 1 | BC26: =IF(AY26<=17,"0",IF(BA26<=39,"0",IF(BA26<=49,"4",IF(BA26<=54,"5",IF(BA26<=59,"6",IF(BA26<=69,"7",IF(BA26<=79,"8",IF(BA26<=89,"9","10")))))))) -> 9 | BD26: =IF(AY26<=17,"F",IF(BA26<=39,"F",IF(BA26<=49,"P",IF(BA26<=54,"C",IF(BA26<=59,"B",IF(BA26<=69,"B+",IF(BA26<=79,"A",IF(BA26<=89,"A+","O")))))))) -> A+ | BE26: =BB26*BC26 -> 9 | BF26: Balake Kannada | BG26: 50 | BH26: 49 | BJ26: =(BG26+BH26) -> 99 | BK26: 1 | BL26: =IF(BH26<=17,"0",IF(BJ26<=39,"0",IF(BJ26<=49,"4",IF(BJ26<=54,"5",IF(BJ26<=59,"6",IF(BJ26<=69,"7",IF(BJ26<=79,"8",IF(BJ26<=89,"9","10")))))))) -> 10 | BM26: =IF(BH26<=17,"F",IF(BJ26<=39,"F",IF(BJ26<=49,"P",IF(BJ26<=54,"C",IF(BJ26<=59,"B",IF(BJ26<=69,"B+",IF(BJ26<=79,"A",IF(BJ26<=89,"A+","O")))))))) -> O | BN26: =BK26*BL26 -> 10 | BP26: 50 | BQ26: 38 | BS26: =(BP26+BQ26) -> 88 | BT26: 1 | BU26: =IF(BQ26<=17,"0",IF(BS26<=39,"0",IF(BS26<=49,"4",IF(BS26<=54,"5",IF(BS26<=59,"6",IF(BS26<=69,"7",IF(BS26<=79,"8",IF(BS26<=89,"9","10")))))))) -> 9 | BV26: =IF(BQ26<=17,"F",IF(BS26<=39,"F",IF(BS26<=49,"P",IF(BS26<=54,"C",IF(BS26<=59,"B",IF(BS26<=69,"B+",IF(BS26<=79,"A",IF(BS26<=89,"A+","O")))))))) -> A+ | BW26: =BT26*BU26 -> 9 | BZ26: =L26+U26+AD26+AM26+AV26+BE26+BN26+BW26 -> 181 | CA26: =BZ26/20 -> 9.05 | CB26: =IF(CA26<4,"F",IF(BV26="F","F",IF(BM26="F","F",IF(BD26="F","F",IF(AU26="F","F",IF(AL26="F","F",IF(AC26="F","F",IF(T26="F","F",IF(K26="F","F",IF(CA26<=5,"C",IF(CA26<6,"B",IF(CA26<7,"B+",IF(CA26<8,"A",IF(CA26<=9,"A+","O")))))))))))))) -> O | CC26: =CA26*9.5 -> 85.975 | CE26: =SUM(BS26,BJ26,BA26,AR26,AI26,Z26,Q26,H26) -> 700 | CF26: =(CE26/800)*100 -> 87.5 | CI26: =IF(CA26<=4,"F",IF(CA26<=6,"PASS",IF(CA26<=6.5,"SC",IF(CA26<=7.5,"FC",IF(CA26<="10","FCD"))))) -> FCD | CJ26: 9.05 | CK26: 9.05
A27: =A26+1 -> 65 | B27: 1BI22CD035 | C27: PUNITH S | D27: D | E27: 47 | F27: 38 | H27: =SUM(E27:F27) -> 85 | I27: 4 | J27: =IF(F27<=17,"0",IF(H27<=39,"0",IF(H27<=49,"4",IF(H27<=54,"5",IF(H27<=59,"6",IF(H27<=69,"7",IF(H27<=79,"8",IF(H27<=89,"9","10")))))))) -> 9 | K27: =IF(F27<=17,"F",IF(H27<=39,"F",IF(H27<=49,"P",IF(H27<=54,"C",IF(H27<=59,"B",IF(H27<=69,"B+",IF(H27<=79,"A",IF(H27<=89,"A+","O")))))))) -> A+ | L27: =I27*J27 -> 36 | N27: 47 | O27: 38 | Q27: =SUM(N27:O27) -> 85 | R27: 4 | S27: =IF(O27<=17,"0",IF(Q27<=39,"4",IF(Q27<=49,"4",IF(Q27<=54,"5",IF(Q27<=59,"6",IF(Q27<=69,"7",IF(Q27<=79,"8",IF(Q27<=89,"9","10")))))))) -> 9 | T27: =IF(O27<=17,"F",IF(Q27<=39,"F",IF(Q27<=49,"P",IF(Q27<=54,"C",IF(Q27<=59,"B",IF(Q27<=69,"B+",IF(Q27<=79,"A",IF(Q27<=89,"A+","O")))))))) -> A+ | U27: =R27*S27 -> 36 | W27: 47 | X27: 48 | Z27: =SUM(W27:X27) -> 95 | AA27: 3 | AB27: =IF(X27<=17,"0",IF(Z27<=39,"0",IF(Z27<=49,"4",IF(Z27<=54,"5",IF(Z27<=59,"6",IF(Z27<=69,"7",IF(Z27<=79,"8",IF(Z27<=89,"9","10")))))))) -> 10 | AC27: =IF(X27<=17,"F",IF(Z27<=39,"F",IF(Z27<=49,"P",IF(Z27<=54,"C",IF(Z27<=59,"B",IF(Z27<=69,"B+",IF(Z27<=79,"A",IF(Z27<=89,"A+","O")))))))) -> O | AD27: =AA27*AB27 -> 30 | AF27: 48 | AG27: 34 | AI27: =SUM(AF27:AG27) -> 82 | AJ27: 3 | AK27: =IF(AG27<=17,"0",IF(AI27<=39,"0",IF(AI27<=49,"4",IF(AI27<=54,"5",IF(AI27<=59,"6",IF(AI27<=69,"7",IF(AI27<=79,"8",IF(AI27<=89,"9","10")))))))) -> 9 | AL27: =IF(AG27<=17,"F",IF(AI27<=39,"F",IF(AI27<=49,"P",IF(AI27<=54,"C",IF(AI27<=59,"B",IF(AI27<=69,"B+",IF(AI27<=79,"A",IF(AI27<=89,"A+","O")))))))) -> A+ | AM27: =AJ27*AK27 -> 27 | AO27: 49 | AP27: 29 | AR27: =(AO27+AP27) -> 78 | AS27: 3 | AT27: =IF(AP27<=17,"0",IF(AR27<=39,"0",IF(AR27<=49,"4",IF(AR27<=54,"5",IF(AR27<=59,"6",IF(AR27<=69,"7",IF(AR27<=79,"8",IF(AR27<=89,"9","10")))))))) -> 8 | AU27: =IF(AP27<=17,"F",IF(AR27<=39,"F",IF(AR27<=49,"P",IF(AR27<=54,"C",IF(AR27<=59,"B",IF(AR27<=69,"B+",IF(AR27<=79,"A",IF(AR27<=89,"A+","O")))))))) -> A | AV27: =AS27*AT27 -> 24 | AX27: 47 | AY27: 29 | BA27: =(AX27+AY27) -> 76 | BB27: 1 | BC27: =IF(AY27<=17,"0",IF(BA27<=39,"0",IF(BA27<=49,"4",IF(BA27<=54,"5",IF(BA27<=59,"6",IF(BA27<=69,"7",IF(BA27<=79,"8",IF(BA27<=89,"9","10")))))))) -> 8 | BD27: =IF(AY27<=17,"F",IF(BA27<=39,"F",IF(BA27<=49,"P",IF(BA27<=54,"C",IF(BA27<=59,"B",IF(BA27<=69,"B+",IF(BA27<=79,"A",IF(BA27<=89,"A+","O")))))))) -> A | BE27: =BB27*BC27 -> 8 | BF27: Samskrutika Kannada | BG27: 46 | BH27: 42 | BJ27: =(BG27+BH27) -> 88 | BK27: 1 | BL27: =IF(BH27<=17,"0",IF(BJ27<=39,"0",IF(BJ27<=49,"4",IF(BJ27<=54,"5",IF(BJ27<=59,"6",IF(BJ27<=69,"7",IF(BJ27<=79,"8",IF(BJ27<=89,"9","10")))))))) -> 9 | BM27: =IF(BH27<=17,"F",IF(BJ27<=39,"F",IF(BJ27<=49,"P",IF(BJ27<=54,"C",IF(BJ27<=59,"B",IF(BJ27<=69,"B+",IF(BJ27<=79,"A",IF(BJ27<=89,"A+","O")))))))) -> A+ | BN27: =BK27*BL27 -> 9 | BP27: 45 | BQ27: 40 | BS27: =(BP27+BQ27) -> 85 | BT27: 1 | BU27: =IF(BQ27<=17,"0",IF(BS27<=39,"0",IF(BS27<=49,"4",IF(BS27<=54,"5",IF(BS27<=59,"6",IF(BS27<=69,"7",IF(BS27<=79,"8",IF(BS27<=89,"9","10")))))))) -> 9 | BV27: =IF(BQ27<=17,"F",IF(BS27<=39,"F",IF(BS27<=49,"P",IF(BS27<=54,"C",IF(BS27<=59,"B",IF(BS27<=69,"B+",IF(BS27<=79,"A",IF(BS27<=89,"A+","O")))))))) -> A+ | BW27: =BT27*BU27 -> 9 | BZ27: =L27+U27+AD27+AM27+AV27+BE27+BN27+BW27 -> 179 | CA27: =BZ27/20 -> 8.95 | CB27: =IF(CA27<4,"F",IF(BV27="F","F",IF(BM27="F","F",IF(BD27="F","F",IF(AU27="F","F",IF(AL27="F","F",IF(AC27="F","F",IF(T27="F","F",IF(K27="F","F",IF(CA27<=5,"C",IF(CA27<6,"B",IF(CA27<7,"B+",IF(CA27<8,"A",IF(CA27<=9,"A+","O")))))))))))))) -> A+ | CC27: =CA27*9.5 -> 85.025 | CE27: =SUM(BS27,BJ27,BA27,AR27,AI27,Z27,Q27,H27) -> 674 | CF27: =(CE27/800)*100 -> 84.25 | CI27: =IF(CA27<=4,"F",IF(CA27<=6,"PASS",IF(CA27<=6.5,"SC",IF(CA27<=7.5,"FC",IF(CA27<="10","FCD"))))) -> FCD
A28: 57 | B28: 1BI22CD057 | C28: THANUSH J | D28: D | E28: 47 | F28: 44 | H28: =SUM(E28:F28) -> 91 | I28: 4 | J28: =IF(F28<=17,"0",IF(H28<=39,"0",IF(H28<=49,"4",IF(H28<=54,"5",IF(H28<=59,"6",IF(H28<=69,"7",IF(H28<=79,"8",IF(H28<=89,"9","10")))))))) -> 10 | K28: =IF(F28<=17,"F",IF(H28<=39,"F",IF(H28<=49,"P",IF(H28<=54,"C",IF(H28<=59,"B",IF(H28<=69,"B+",IF(H28<=79,"A",IF(H28<=89,"A+","O")))))))) -> O | L28: =I28*J28 -> 40 | N28: 47 | O28: 24 | Q28: =SUM(N28:O28) -> 71 | R28: 4 | S28: =IF(O28<=17,"0",IF(Q28<=39,"4",IF(Q28<=49,"4",IF(Q28<=54,"5",IF(Q28<=59,"6",IF(Q28<=69,"7",IF(Q28<=79,"8",IF(Q28<=89,"9","10")))))))) -> 8 | T28: =IF(O28<=17,"F",IF(Q28<=39,"F",IF(Q28<=49,"P",IF(Q28<=54,"C",IF(Q28<=59,"B",IF(Q28<=69,"B+",IF(Q28<=79,"A",IF(Q28<=89,"A+","O")))))))) -> A | U28: =R28*S28 -> 32 | W28: 47 | X28: 41 | Z28: =SUM(W28:X28) -> 88 | AA28: 3 | AB28: =IF(X28<=17,"0",IF(Z28<=39,"0",IF(Z28<=49,"4",IF(Z28<=54,"5",IF(Z28<=59,"6",IF(Z28<=69,"7",IF(Z28<=79,"8",IF(Z28<=89,"9","10")))))))) -> 9 | AC28: =IF(X28<=17,"F",IF(Z28<=39,"F",IF(Z28<=49,"P",IF(Z28<=54,"C",IF(Z28<=59,"B",IF(Z28<=69,"B+",IF(Z28<=79,"A",IF(Z28<=89,"A+","O")))))))) -> A+ | AD28: =AA28*AB28 -> 27 | AF28: 47 | AG28: 36 | AI28: =SUM(AF28:AG28) -> 83 | AJ28: 3 | AK28: =IF(AG28<=17,"0",IF(AI28<=39,"0",IF(AI28<=49,"4",IF(AI28<=54,"5",IF(AI28<=59,"6",IF(AI28<=69,"7",IF(AI28<=79,"8",IF(AI28<=89,"9","10")))))))) -> 9 | AL28: =IF(AG28<=17,"F",IF(AI28<=39,"F",IF(AI28<=49,"P",IF(AI28<=54,"C",IF(AI28<=59,"B",IF(AI28<=69,"B+",IF(AI28<=79,"A",IF(AI28<=89,"A+","O")))))))) -> A+ | AM28: =AJ28*AK28 -> 27 | AO28: 49 | AP28: 38 | AR28: =(AO28+AP28) -> 87 | AS28: 3 | AT28: =IF(AP28<=17,"0",IF(AR28<=39,"0",IF(AR28<=49,"4",IF(AR28<=54,"5",IF(AR28<=59,"6",IF(AR28<=69,"7",IF(AR28<=79,"8",IF(AR28<=89,"9","10")))))))) -> 9 | AU28: =IF(AP28<=17,"F",IF(AR28<=39,"F",IF(AR28<=49,"P",IF(AR28<=54,"C",IF(AR28<=59,"B",IF(AR28<=69,"B+",IF(AR28<=79,"A",IF(AR28<=89,"A+","O")))))))) -> A+ | AV28: =AS28*AT28 -> 27 | AX28: 44 | AY28: 35 | BA28: =(AX28+AY28) -> 79 | BB28: 1 | BC28: =IF(AY28<=17,"0",IF(BA28<=39,"0",IF(BA28<=49,"4",IF(BA28<=54,"5",IF(BA28<=59,"6",IF(BA28<=69,"7",IF(BA28<=79,"8",IF(BA28<=89,"9","10")))))))) -> 8 | BD28: =IF(AY28<=17,"F",IF(BA28<=39,"F",IF(BA28<=49,"P",IF(BA28<=54,"C",IF(BA28<=59,"B",IF(BA28<=69,"B+",IF(BA28<=79,"A",IF(BA28<=89,"A+","O")))))))) -> A | BE28: =BB28*BC28 -> 8 | BF28: Samskrutika Kannada | BG28: 47 | BH28: 34 | BJ28: =(BG28+BH28) -> 81 | BK28: 1 | BL28: =IF(BH28<=17,"0",IF(BJ28<=39,"0",IF(BJ28<=49,"4",IF(BJ28<=54,"5",IF(BJ28<=59,"6",IF(BJ28<=69,"7",IF(BJ28<=79,"8",IF(BJ28<=89,"9","10")))))))) -> 9 | BM28: =IF(BH28<=17,"F",IF(BJ28<=39,"F",IF(BJ28<=49,"P",IF(BJ28<=54,"C",IF(BJ28<=59,"B",IF(BJ28<=69,"B+",IF(BJ28<=79,"A",IF(BJ28<=89,"A+","O")))))))) -> A+ | BN28: =BK28*BL28 -> 9 | BP28: 48 | BQ28: 38 | BS28: =(BP28+BQ28) -> 86 | BT28: 1 | BU28: =IF(BQ28<=17,"0",IF(BS28<=39,"0",IF(BS28<=49,"4",IF(BS28<=54,"5",IF(BS28<=59,"6",IF(BS28<=69,"7",IF(BS28<=79,"8",IF(BS28<=89,"9","10")))))))) -> 9 | BV28: =IF(BQ28<=17,"F",IF(BS28<=39,"F",IF(BS28<=49,"P",IF(BS28<=54,"C",IF(BS28<=59,"B",IF(BS28<=69,"B+",IF(BS28<=79,"A",IF(BS28<=89,"A+","O")))))))) -> A+ | BW28: =BT28*BU28 -> 9 | BZ28: =L28+U28+AD28+AM28+AV28+BE28+BN28+BW28 -> 179 | CA28: =BZ28/20 -> 8.95 | CB28: =IF(CA28<4,"F",IF(BV28="F","F",IF(BM28="F","F",IF(BD28="F","F",IF(AU28="F","F",IF(AL28="F","F",IF(AC28="F","F",IF(T28="F","F",IF(K28="F","F",IF(CA28<=5,"C",IF(CA28<6,"B",IF(CA28<7,"B+",IF(CA28<8,"A",IF(CA28<=9,"A+","O")))))))))))))) -> A+ | CC28: =CA28*9.5 -> 85.025 | CE28: =SUM(BS28,BJ28,BA28,AR28,AI28,Z28,Q28,H28) -> 666 | CF28: =(CE28/800)*100 -> 83.25 | CI28: =IF(CA28<=4,"F",IF(CA28<=6,"PASS",IF(CA28<=6.5,"SC",IF(CA28<=7.5,"FC",IF(CA28<="10","FCD"))))) -> FCD
A29: =A28+1 -> 58 | B29: 1BI22CD002 | C29: ARATI | D29: D | E29: 49 | F29: 46 | H29: =SUM(E29:F29) -> 95 | I29: 4 | J29: =IF(F29<=17,"0",IF(H29<=39,"0",IF(H29<=49,"4",IF(H29<=54,"5",IF(H29<=59,"6",IF(H29<=69,"7",IF(H29<=79,"8",IF(H29<=89,"9","10")))))))) -> 10 | K29: =IF(F29<=17,"F",IF(H29<=39,"F",IF(H29<=49,"P",IF(H29<=54,"C",IF(H29<=59,"B",IF(H29<=69,"B+",IF(H29<=79,"A",IF(H29<=89,"A+","O")))))))) -> O | L29: =I29*J29 -> 40 | N29: 45 | O29: 33 | Q29: =SUM(N29:O29) -> 78 | R29: 4 | S29: =IF(O29<=17,"0",IF(Q29<=39,"4",IF(Q29<=49,"4",IF(Q29<=54,"5",IF(Q29<=59,"6",IF(Q29<=69,"7",IF(Q29<=79,"8",IF(Q29<=89,"9","10")))))))) -> 8 | T29: =IF(O29<=17,"F",IF(Q29<=39,"F",IF(Q29<=49,"P",IF(Q29<=54,"C",IF(Q29<=59,"B",IF(Q29<=69,"B+",IF(Q29<=79,"A",IF(Q29<=89,"A+","O")))))))) -> A | U29: =R29*S29 -> 32 | W29: 45 | X29: 46 | Z29: =SUM(W29:X29) -> 91 | AA29: 3 | AB29: =IF(X29<=17,"0",IF(Z29<=39,"0",IF(Z29<=49,"4",IF(Z29<=54,"5",IF(Z29<=59,"6",IF(Z29<=69,"7",IF(Z29<=79,"8",IF(Z29<=89,"9","10")))))))) -> 10 | AC29: =IF(X29<=17,"F",IF(Z29<=39,"F",IF(Z29<=49,"P",IF(Z29<=54,"C",IF(Z29<=59,"B",IF(Z29<=69,"B+",IF(Z29<=79,"A",IF(Z29<=89,"A+","O")))))))) -> O | AD29: =AA29*AB29 -> 30 | AF29: 45 | AG29: 40 | AI29: =SUM(AF29:AG29) -> 85 | AJ29: 3 | AK29: =IF(AG29<=17,"0",IF(AI29<=39,"0",IF(AI29<=49,"4",IF(AI29<=54,"5",IF(AI29<=59,"6",IF(AI29<=69,"7",IF(AI29<=79,"8",IF(AI29<=89,"9","10")))))))) -> 9 | AL29: =IF(AG29<=17,"F",IF(AI29<=39,"F",IF(AI29<=49,"P",IF(AI29<=54,"C",IF(AI29<=59,"B",IF(AI29<=69,"B+",IF(AI29<=79,"A",IF(AI29<=89,"A+","O")))))))) -> A+ | AM29: =AJ29*AK29 -> 27 | AO29: 43 | AP29: 32 | AR29: =(AO29+AP29) -> 75 | AS29: 3 | AT29: =IF(AP29<=17,"0",IF(AR29<=39,"0",IF(AR29<=49,"4",IF(AR29<=54,"5",IF(AR29<=59,"6",IF(AR29<=69,"7",IF(AR29<=79,"8",IF(AR29<=89,"9","10")))))))) -> 8 | AU29: =IF(AP29<=17,"F",IF(AR29<=39,"F",IF(AR29<=49,"P",IF(AR29<=54,"C",IF(AR29<=59,"B",IF(AR29<=69,"B+",IF(AR29<=79,"A",IF(AR29<=89,"A+","O")))))))) -> A | AV29: =AS29*AT29 -> 24 | AX29: 44 | AY29: 26 | BA29: =(AX29+AY29) -> 70 | BB29: 1 | BC29: =IF(AY29<=17,"0",IF(BA29<=39,"0",IF(BA29<=49,"4",IF(BA29<=54,"5",IF(BA29<=59,"6",IF(BA29<=69,"7",IF(BA29<=79,"8",IF(BA29<=89,"9","10")))))))) -> 8 | BD29: =IF(AY29<=17,"F",IF(BA29<=39,"F",IF(BA29<=49,"P",IF(BA29<=54,"C",IF(BA29<=59,"B",IF(BA29<=69,"B+",IF(BA29<=79,"A",IF(BA29<=89,"A+","O")))))))) -> A | BE29: =BB29*BC29 -> 8 | BF29: Samskrutika Kannada | BG29: 46 | BH29: 37 | BJ29: =(BG29+BH29) -> 83 | BK29: 1 | BL29: =IF(BH29<=17,"0",IF(BJ29<=39,"0",IF(BJ29<=49,"4",IF(BJ29<=54,"5",IF(BJ29<=59,"6",IF(BJ29<=69,"7",IF(BJ29<=79,"8",IF(BJ29<=89,"9","10")))))))) -> 9 | BM29: =IF(BH29<=17,"F",IF(BJ29<=39,"F",IF(BJ29<=49,"P",IF(BJ29<=54,"C",IF(BJ29<=59,"B",IF(BJ29<=69,"B+",IF(BJ29<=79,"A",IF(BJ29<=89,"A+","O")))))))) -> A+ | BN29: =BK29*BL29 -> 9 | BP29: 48 | BQ29: 39 | BS29: =(BP29+BQ29) -> 87 | BT29: 1 | BU29: =IF(BQ29<=17,"0",IF(BS29<=39,"0",IF(BS29<=49,"4",IF(BS29<=54,"5",IF(BS29<=59,"6",IF(BS29<=69,"7",IF(BS29<=79,"8",IF(BS29<=89,"9","10")))))))) -> 9 | BV29: =IF(BQ29<=17,"F",IF(BS29<=39,"F",IF(BS29<=49,"P",IF(BS29<=54,"C",IF(BS29<=59,"B",IF(BS29<=69,"B+",IF(BS29<=79,"A",IF(BS29<=89,"A+","O")))))))) -> A+ | BW29: =BT29*BU29 -> 9 | BZ29: =L29+U29+AD29+AM29+AV29+BE29+BN29+BW29 -> 179 | CA29: =BZ29/20 -> 8.95 | CB29: =IF(CA29<4,"F",IF(BV29="F","F",IF(BM29="F","F",IF(BD29="F","F",IF(AU29="F","F",IF(AL29="F","F",IF(AC29="F","F",IF(T29="F","F",IF(K29="F","F",IF(CA29<=5,"C",IF(CA29<6,"B",IF(CA29<7,"B+",IF(CA29<8,"A",IF(CA29<=9,"A+","O")))))))))))))) -> A+ | CC29: =CA29*9.5 -> 85.025 | CE29: =SUM(BS29,BJ29,BA29,AR29,AI29,Z29,Q29,H29) -> 664 | CF29: =(CE29/800)*100 -> 83 | CI29: =IF(CA29<=4,"F",IF(CA29<=6,"PASS",IF(CA29<=6.5,"SC",IF(CA29<=7.5,"FC",IF(CA29<="10","FCD"))))) -> FCD
A30: =A29+1 -> 59 | B30: 1BI22CD052 | C30: SHRIHARI M V | D30: D | E30: 48 | F30: 38 | H30: =SUM(E30:F30) -> 86 | I30: 4 | J30: =IF(F30<=17,"0",IF(H30<=39,"0",IF(H30<=49,"4",IF(H30<=54,"5",IF(H30<=59,"6",IF(H30<=69,"7",IF(H30<=79,"8",IF(H30<=89,"9","10")))))))) -> 9 | K30: =IF(F30<=17,"F",IF(H30<=39,"F",IF(H30<=49,"P",IF(H30<=54,"C",IF(H30<=59,"B",IF(H30<=69,"B+",IF(H30<=79,"A",IF(H30<=89,"A+","O")))))))) -> A+ | L30: =I30*J30 -> 36 | N30: 44 | O30: 42 | Q30: =SUM(N30:O30) -> 86 | R30: 4 | S30: =IF(O30<=17,"0",IF(Q30<=39,"4",IF(Q30<=49,"4",IF(Q30<=54,"5",IF(Q30<=59,"6",IF(Q30<=69,"7",IF(Q30<=79,"8",IF(Q30<=89,"9","10")))))))) -> 9 | T30: =IF(O30<=17,"F",IF(Q30<=39,"F",IF(Q30<=49,"P",IF(Q30<=54,"C",IF(Q30<=59,"B",IF(Q30<=69,"B+",IF(Q30<=79,"A",IF(Q30<=89,"A+","O")))))))) -> A+ | U30: =R30*S30 -> 36 | W30: 41 | X30: 42 | Z30: =SUM(W30:X30) -> 83 | AA30: 3 | AB30: =IF(X30<=17,"0",IF(Z30<=39,"0",IF(Z30<=49,"4",IF(Z30<=54,"5",IF(Z30<=59,"6",IF(Z30<=69,"7",IF(Z30<=79,"8",IF(Z30<=89,"9","10")))))))) -> 9 | AC30: =IF(X30<=17,"F",IF(Z30<=39,"F",IF(Z30<=49,"P",IF(Z30<=54,"C",IF(Z30<=59,"B",IF(Z30<=69,"B+",IF(Z30<=79,"A",IF(Z30<=89,"A+","O")))))))) -> A+ | AD30: =AA30*AB30 -> 27 | AF30: 48 | AG30: 39 | AI30: =SUM(AF30:AG30) -> 87 | AJ30: 3 | AK30: =IF(AG30<=17,"0",IF(AI30<=39,"0",IF(AI30<=49,"4",IF(AI30<=54,"5",IF(AI30<=59,"6",IF(AI30<=69,"7",IF(AI30<=79,"8",IF(AI30<=89,"9","10")))))))) -> 9 | AL30: =IF(AG30<=17,"F",IF(AI30<=39,"F",IF(AI30<=49,"P",IF(AI30<=54,"C",IF(AI30<=59,"B",IF(AI30<=69,"B+",IF(AI30<=79,"A",IF(AI30<=89,"A+","O")))))))) -> A+ | AM30: =AJ30*AK30 -> 27 | AO30: 42 | AP30: 33 | AR30: =(AO30+AP30) -> 75 | AS30: 3 | AT30: =IF(AP30<=17,"0",IF(AR30<=39,"0",IF(AR30<=49,"4",IF(AR30<=54,"5",IF(AR30<=59,"6",IF(AR30<=69,"7",IF(AR30<=79,"8",IF(AR30<=89,"9","10")))))))) -> 8 | AU30: =IF(AP30<=17,"F",IF(AR30<=39,"F",IF(AR30<=49,"P",IF(AR30<=54,"C",IF(AR30<=59,"B",IF(AR30<=69,"B+",IF(AR30<=79,"A",IF(AR30<=89,"A+","O")))))))) -> A | AV30: =AS30*AT30 -> 24 | AX30: 46 | AY30: 35 | BA30: =(AX30+AY30) -> 81 | BB30: 1 | BC30: =IF(AY30<=17,"0",IF(BA30<=39,"0",IF(BA30<=49,"4",IF(BA30<=54,"5",IF(BA30<=59,"6",IF(BA30<=69,"7",IF(BA30<=79,"8",IF(BA30<=89,"9","10")))))))) -> 9 | BD30: =IF(AY30<=17,"F",IF(BA30<=39,"F",IF(BA30<=49,"P",IF(BA30<=54,"C",IF(BA30<=59,"B",IF(BA30<=69,"B+",IF(BA30<=79,"A",IF(BA30<=89,"A+","O")))))))) -> A+ | BE30: =BB30*BC30 -> 9 | BF30: Samskrutika Kannada | BG30: 45 | BH30: 38 | BJ30: =(BG30+BH30) -> 83 | BK30: 1 | BL30: =IF(BH30<=17,"0",IF(BJ30<=39,"0",IF(BJ30<=49,"4",IF(BJ30<=54,"5",IF(BJ30<=59,"6",IF(BJ30<=69,"7",IF(BJ30<=79,"8",IF(BJ30<=89,"9","10")))))))) -> 9 | BM30: =IF(BH30<=17,"F",IF(BJ30<=39,"F",IF(BJ30<=49,"P",IF(BJ30<=54,"C",IF(BJ30<=59,"B",IF(BJ30<=69,"B+",IF(BJ30<=79,"A",IF(BJ30<=89,"A+","O")))))))) -> A+ | BN30: =BK30*BL30 -> 9 | BP30: 48 | BQ30: 41 | BS30: =(BP30+BQ30) -> 89 | BT30: 1 | BU30: =IF(BQ30<=17,"0",IF(BS30<=39,"0",IF(BS30<=49,"4",IF(BS30<=54,"5",IF(BS30<=59,"6",IF(BS30<=69,"7",IF(BS30<=79,"8",IF(BS30<=89,"9","10")))))))) -> 9 | BV30: =IF(BQ30<=17,"F",IF(BS30<=39,"F",IF(BS30<=49,"P",IF(BS30<=54,"C",IF(BS30<=59,"B",IF(BS30<=69,"B+",IF(BS30<=79,"A",IF(BS30<=89,"A+","O")))))))) -> A+ | BW30: =BT30*BU30 -> 9 | BZ30: =L30+U30+AD30+AM30+AV30+BE30+BN30+BW30 -> 177 | CA30: =BZ30/20 -> 8.85 | CB30: =IF(CA30<4,"F",IF(BV30="F","F",IF(BM30="F","F",IF(BD30="F","F",IF(AU30="F","F",IF(AL30="F","F",IF(AC30="F","F",IF(T30="F","F",IF(K30="F","F",IF(CA30<=5,"C",IF(CA30<6,"B",IF(CA30<7,"B+",IF(CA30<8,"A",IF(CA30<=9,"A+","O")))))))))))))) -> A+ | CC30: =CA30*9.5 -> 84.075 | CE30: =SUM(BS30,BJ30,BA30,AR30,AI30,Z30,Q30,H30) -> 670 | CF30: =(CE30/800)*100 -> 83.75 | CI30: =IF(CA30<=4,"F",IF(CA30<=6,"PASS",IF(CA30<=6.5,"SC",IF(CA30<=7.5,"FC",IF(CA30<="10","FCD"))))) -> FCD
A31: =A30+1 -> 60 | B31: 1BI22CD041 | C31: S MOHAMMED HASNAIN | D31: D | E31: 50 | F31: 45 | H31: =SUM(E31:F31) -> 95 | I31: 4 | J31: =IF(F31<=17,"0",IF(H31<=39,"0",IF(H31<=49,"4",IF(H31<=54,"5",IF(H31<=59,"6",IF(H31<=69,"7",IF(H31<=79,"8",IF(H31<=89,"9","10")))))))) -> 10 | K31: =IF(F31<=17,"F",IF(H31<=39,"F",IF(H31<=49,"P",IF(H31<=54,"C",IF(H31<=59,"B",IF(H31<=69,"B+",IF(H31<=79,"A",IF(H31<=89,"A+","O")))))))) -> O | L31: =I31*J31 -> 40 | N31: 41 | O31: 39 | Q31: =SUM(N31:O31) -> 80 | R31: 4 | S31: =IF(O31<=17,"0",IF(Q31<=39,"4",IF(Q31<=49,"4",IF(Q31<=54,"5",IF(Q31<=59,"6",IF(Q31<=69,"7",IF(Q31<=79,"8",IF(Q31<=89,"9","10")))))))) -> 9 | T31: =IF(O31<=17,"F",IF(Q31<=39,"F",IF(Q31<=49,"P",IF(Q31<=54,"C",IF(Q31<=59,"B",IF(Q31<=69,"B+",IF(Q31<=79,"A",IF(Q31<=89,"A+","O")))))))) -> A+ | U31: =R31*S31 -> 36 | W31: 48 | X31: 39 | Z31: =SUM(W31:X31) -> 87 | AA31: 3 | AB31: =IF(X31<=17,"0",IF(Z31<=39,"0",IF(Z31<=49,"4",IF(Z31<=54,"5",IF(Z31<=59,"6",IF(Z31<=69,"7",IF(Z31<=79,"8",IF(Z31<=89,"9","10")))))))) -> 9 | AC31: =IF(X31<=17,"F",IF(Z31<=39,"F",IF(Z31<=49,"P",IF(Z31<=54,"C",IF(Z31<=59,"B",IF(Z31<=69,"B+",IF(Z31<=79,"A",IF(Z31<=89,"A+","O")))))))) -> A+ | AD31: =AA31*AB31 -> 27 | AF31: 45 | AG31: 34 | AI31: =SUM(AF31:AG31) -> 79 | AJ31: 3 | AK31: =IF(AG31<=17,"0",IF(AI31<=39,"0",IF(AI31<=49,"4",IF(AI31<=54,"5",IF(AI31<=59,"6",IF(AI31<=69,"7",IF(AI31<=79,"8",IF(AI31<=89,"9","10")))))))) -> 8 | AL31: =IF(AG31<=17,"F",IF(AI31<=39,"F",IF(AI31<=49,"P",IF(AI31<=54,"C",IF(AI31<=59,"B",IF(AI31<=69,"B+",IF(AI31<=79,"A",IF(AI31<=89,"A+","O")))))))) -> A | AM31: =AJ31*AK31 -> 24 | AO31: 41 | AP31: 32 | AR31: =(AO31+AP31) -> 73 | AS31: 3 | AT31: =IF(AP31<=17,"0",IF(AR31<=39,"0",IF(AR31<=49,"4",IF(AR31<=54,"5",IF(AR31<=59,"6",IF(AR31<=69,"7",IF(AR31<=79,"8",IF(AR31<=89,"9","10")))))))) -> 8 | AU31: =IF(AP31<=17,"F",IF(AR31<=39,"F",IF(AR31<=49,"P",IF(AR31<=54,"C",IF(AR31<=59,"B",IF(AR31<=69,"B+",IF(AR31<=79,"A",IF(AR31<=89,"A+","O")))))))) -> A | AV31: =AS31*AT31 -> 24 | AX31: 46 | AY31: 32 | BA31: =(AX31+AY31) -> 78 | BB31: 1 | BC31: =IF(AY31<=17,"0",IF(BA31<=39,"0",IF(BA31<=49,"4",IF(BA31<=54,"5",IF(BA31<=59,"6",IF(BA31<=69,"7",IF(BA31<=79,"8",IF(BA31<=89,"9","10")))))))) -> 8 | BD31: =IF(AY31<=17,"F",IF(BA31<=39,"F",IF(BA31<=49,"P",IF(BA31<=54,"C",IF(BA31<=59,"B",IF(BA31<=69,"B+",IF(BA31<=79,"A",IF(BA31<=89,"A+","O")))))))) -> A | BE31: =BB31*BC31 -> 8 | BF31: Balake Kannada | BG31: 44 | BH31: 44 | BJ31: =(BG31+BH31) -> 88 | BK31: 1 | BL31: =IF(BH31<=17,"0",IF(BJ31<=39,"0",IF(BJ31<=49,"4",IF(BJ31<=54,"5",IF(BJ31<=59,"6",IF(BJ31<=69,"7",IF(BJ31<=79,"8",IF(BJ31<=89,"9","10")))))))) -> 9 | BM31: =IF(BH31<=17,"F",IF(BJ31<=39,"F",IF(BJ31<=49,"P",IF(BJ31<=54,"C",IF(BJ31<=59,"B",IF(BJ31<=69,"B+",IF(BJ31<=79,"A",IF(BJ31<=89,"A+","O")))))))) -> A+ | BN31: =BK31*BL31 -> 9 | BP31: 46 | BQ31: 41 | BS31: =(BP31+BQ31) -> 87 | BT31: 1 | BU31: =IF(BQ31<=17,"0",IF(BS31<=39,"0",IF(BS31<=49,"4",IF(BS31<=54,"5",IF(BS31<=59,"6",IF(BS31<=69,"7",IF(BS31<=79,"8",IF(BS31<=89,"9","10")))))))) -> 9 | BV31: =IF(BQ31<=17,"F",IF(BS31<=39,"F",IF(BS31<=49,"P",IF(BS31<=54,"C",IF(BS31<=59,"B",IF(BS31<=69,"B+",IF(BS31<=79,"A",IF(BS31<=89,"A+","O")))))))) -> A+ | BW31: =BT31*BU31 -> 9 | BZ31: =L31+U31+AD31+AM31+AV31+BE31+BN31+BW31 -> 177 | CA31: =BZ31/20 -> 8.85 | CB31: =IF(CA31<4,"F",IF(BV31="F","F",IF(BM31="F","F",IF(BD31="F","F",IF(AU31="F","F",IF(AL31="F","F",IF(AC31="F","F",IF(T31="F","F",IF(K31="F","F",IF(CA31<=5,"C",IF(CA31<6,"B",IF(CA31<7,"B+",IF(CA31<8,"A",IF(CA31<=9,"A+","O")))))))))))))) -> A+ | CC31: =CA31*9.5 -> 84.075 | CE31: =SUM(BS31,BJ31,BA31,AR31,AI31,Z31,Q31,H31) -> 667 | CF31: =(CE31/800)*100 -> 83.375 | CI31: =IF(CA31<=4,"F",IF(CA31<=6,"PASS",IF(CA31<=6.5,"SC",IF(CA31<=7.5,"FC",IF(CA31<="10","FCD"))))) -> FCD
A32: =A31+1 -> 61 | B32: 1BI22CD005 | C32: ARYA B V | D32: D | E32: 45 | F32: 32 | H32: =SUM(E32:F32) -> 77 | I32: 4 | J32: =IF(F32<=17,"0",IF(H32<=39,"0",IF(H32<=49,"4",IF(H32<=54,"5",IF(H32<=59,"6",IF(H32<=69,"7",IF(H32<=79,"8",IF(H32<=89,"9","10")))))))) -> 8 | K32: =IF(F32<=17,"F",IF(H32<=39,"F",IF(H32<=49,"P",IF(H32<=54,"C",IF(H32<=59,"B",IF(H32<=69,"B+",IF(H32<=79,"A",IF(H32<=89,"A+","O")))))))) -> A | L32: =I32*J32 -> 32 | N32: 46 | O32: 35 | Q32: =SUM(N32:O32) -> 81 | R32: 4 | S32: =IF(O32<=17,"0",IF(Q32<=39,"4",IF(Q32<=49,"4",IF(Q32<=54,"5",IF(Q32<=59,"6",IF(Q32<=69,"7",IF(Q32<=79,"8",IF(Q32<=89,"9","10")))))))) -> 9 | T32: =IF(O32<=17,"F",IF(Q32<=39,"F",IF(Q32<=49,"P",IF(Q32<=54,"C",IF(Q32<=59,"B",IF(Q32<=69,"B+",IF(Q32<=79,"A",IF(Q32<=89,"A+","O")))))))) -> A+ | U32: =R32*S32 -> 36 | W32: 47 | X32: 45 | Z32: =SUM(W32:X32) -> 92 | AA32: 3 | AB32: =IF(X32<=17,"0",IF(Z32<=39,"0",IF(Z32<=49,"4",IF(Z32<=54,"5",IF(Z32<=59,"6",IF(Z32<=69,"7",IF(Z32<=79,"8",IF(Z32<=89,"9","10")))))))) -> 10 | AC32: =IF(X32<=17,"F",IF(Z32<=39,"F",IF(Z32<=49,"P",IF(Z32<=54,"C",IF(Z32<=59,"B",IF(Z32<=69,"B+",IF(Z32<=79,"A",IF(Z32<=89,"A+","O")))))))) -> O | AD32: =AA32*AB32 -> 30 | AF32: 44 | AG32: 36 | AI32: =SUM(AF32:AG32) -> 80 | AJ32: 3 | AK32: =IF(AG32<=17,"0",IF(AI32<=39,"0",IF(AI32<=49,"4",IF(AI32<=54,"5",IF(AI32<=59,"6",IF(AI32<=69,"7",IF(AI32<=79,"8",IF(AI32<=89,"9","10")))))))) -> 9 | AL32: =IF(AG32<=17,"F",IF(AI32<=39,"F",IF(AI32<=49,"P",IF(AI32<=54,"C",IF(AI32<=59,"B",IF(AI32<=69,"B+",IF(AI32<=79,"A",IF(AI32<=89,"A+","O")))))))) -> A+ | AM32: =AJ32*AK32 -> 27 | AO32: 48 | AP32: 41 | AR32: =(AO32+AP32) -> 89 | AS32: 3 | AT32: =IF(AP32<=17,"0",IF(AR32<=39,"0",IF(AR32<=49,"4",IF(AR32<=54,"5",IF(AR32<=59,"6",IF(AR32<=69,"7",IF(AR32<=79,"8",IF(AR32<=89,"9","10")))))))) -> 9 | AU32: =IF(AP32<=17,"F",IF(AR32<=39,"F",IF(AR32<=49,"P",IF(AR32<=54,"C",IF(AR32<=59,"B",IF(AR32<=69,"B+",IF(AR32<=79,"A",IF(AR32<=89,"A+","O")))))))) -> A+ | AV32: =AS32*AT32 -> 27 | AX32: 43 | AY32: 27 | BA32: =(AX32+AY32) -> 70 | BB32: 1 | BC32: =IF(AY32<=17,"0",IF(BA32<=39,"0",IF(BA32<=49,"4",IF(BA32<=54,"5",IF(BA32<=59,"6",IF(BA32<=69,"7",IF(BA32<=79,"8",IF(BA32<=89,"9","10")))))))) -> 8 | BD32: =IF(AY32<=17,"F",IF(BA32<=39,"F",IF(BA32<=49,"P",IF(BA32<=54,"C",IF(BA32<=59,"B",IF(BA32<=69,"B+",IF(BA32<=79,"A",IF(BA32<=89,"A+","O")))))))) -> A | BE32: =BB32*BC32 -> 8 | BF32: Samskrutika Kannada | BG32: 41 | BH32: 35 | BJ32: =(BG32+BH32) -> 76 | BK32: 1 | BL32: =IF(BH32<=17,"0",IF(BJ32<=39,"0",IF(BJ32<=49,"4",IF(BJ32<=54,"5",IF(BJ32<=59,"6",IF(BJ32<=69,"7",IF(BJ32<=79,"8",IF(BJ32<=89,"9","10")))))))) -> 8 | BM32: =IF(BH32<=17,"F",IF(BJ32<=39,"F",IF(BJ32<=49,"P",IF(BJ32<=54,"C",IF(BJ32<=59,"B",IF(BJ32<=69,"B+",IF(BJ32<=79,"A",IF(BJ32<=89,"A+","O")))))))) -> A | BN32: =BK32*BL32 -> 8 | BP32: 44 | BQ32: 37 | BS32: =(BP32+BQ32) -> 81 | BT32: 1 | BU32: =IF(BQ32<=17,"0",IF(BS32<=39,"0",IF(BS32<=49,"4",IF(BS32<=54,"5",IF(BS32<=59,"6",IF(BS32<=69,"7",IF(BS32<=79,"8",IF(BS32<=89,"9","10")))))))) -> 9 | BV32: =IF(BQ32<=17,"F",IF(BS32<=39,"F",IF(BS32<=49,"P",IF(BS32<=54,"C",IF(BS32<=59,"B",IF(BS32<=69,"B+",IF(BS32<=79,"A",IF(BS32<=89,"A+","O")))))))) -> A+ | BW32: =BT32*BU32 -> 9 | BZ32: =L32+U32+AD32+AM32+AV32+BE32+BN32+BW32 -> 177 | CA32: =BZ32/20 -> 8.85 | CB32: =IF(CA32<4,"F",IF(BV32="F","F",IF(BM32="F","F",IF(BD32="F","F",IF(AU32="F","F",IF(AL32="F","F",IF(AC32="F","F",IF(T32="F","F",IF(K32="F","F",IF(CA32<=5,"C",IF(CA32<6,"B",IF(CA32<7,"B+",IF(CA32<8,"A",IF(CA32<=9,"A+","O")))))))))))))) -> A+ | CC32: =CA32*9.5 -> 84.075 | CE32: =SUM(BS32,BJ32,BA32,AR32,AI32,Z32,Q32,H32) -> 646 | CF32: =(CE32/800)*100 -> 80.75 | CI32: =IF(CA32<=4,"F",IF(CA32<=6,"PASS",IF(CA32<=6.5,"SC",IF(CA32<=7.5,"FC",IF(CA32<="10","FCD"))))) -> FCD
A33: =A32+1 -> 62 | B33: 1BI22CD053 | C33: SINCHANA R P | D33: D | E33: 49 | F33: 28 | H33: =SUM(E33:F33) -> 77 | I33: 4 | J33: =IF(F33<=17,"0",IF(H33<=39,"0",IF(H33<=49,"4",IF(H33<=54,"5",IF(H33<=59,"6",IF(H33<=69,"7",IF(H33<=79,"8",IF(H33<=89,"9","10")))))))) -> 8 | K33: =IF(F33<=17,"F",IF(H33<=39,"F",IF(H33<=49,"P",IF(H33<=54,"C",IF(H33<=59,"B",IF(H33<=69,"B+",IF(H33<=79,"A",IF(H33<=89,"A+","O")))))))) -> A | L33: =I33*J33 -> 32 | N33: 47 | O33: 34 | Q33: =SUM(N33:O33) -> 81 | R33: 4 | S33: =IF(O33<=17,"0",IF(Q33<=39,"4",IF(Q33<=49,"4",IF(Q33<=54,"5",IF(Q33<=59,"6",IF(Q33<=69,"7",IF(Q33<=79,"8",IF(Q33<=89,"9","10")))))))) -> 9 | T33: =IF(O33<=17,"F",IF(Q33<=39,"F",IF(Q33<=49,"P",IF(Q33<=54,"C",IF(Q33<=59,"B",IF(Q33<=69,"B+",IF(Q33<=79,"A",IF(Q33<=89,"A+","O")))))))) -> A+ | U33: =R33*S33 -> 36 | W33: 47 | X33: 45 | Z33: =SUM(W33:X33) -> 92 | AA33: 3 | AB33: =IF(X33<=17,"0",IF(Z33<=39,"0",IF(Z33<=49,"4",IF(Z33<=54,"5",IF(Z33<=59,"6",IF(Z33<=69,"7",IF(Z33<=79,"8",IF(Z33<=89,"9","10")))))))) -> 10 | AC33: =IF(X33<=17,"F",IF(Z33<=39,"F",IF(Z33<=49,"P",IF(Z33<=54,"C",IF(Z33<=59,"B",IF(Z33<=69,"B+",IF(Z33<=79,"A",IF(Z33<=89,"A+","O")))))))) -> O | AD33: =AA33*AB33 -> 30 | AF33: 41 | AG33: 33 | AI33: =SUM(AF33:AG33) -> 74 | AJ33: 3 | AK33: =IF(AG33<=17,"0",IF(AI33<=39,"0",IF(AI33<=49,"4",IF(AI33<=54,"5",IF(AI33<=59,"6",IF(AI33<=69,"7",IF(AI33<=79,"8",IF(AI33<=89,"9","10")))))))) -> 8 | AL33: =IF(AG33<=17,"F",IF(AI33<=39,"F",IF(AI33<=49,"P",IF(AI33<=54,"C",IF(AI33<=59,"B",IF(AI33<=69,"B+",IF(AI33<=79,"A",IF(AI33<=89,"A+","O")))))))) -> A | AM33: =AJ33*AK33 -> 24 | AO33: 49 | AP33: 39 | AR33: =(AO33+AP33) -> 88 | AS33: 3 | AT33: =IF(AP33<=17,"0",IF(AR33<=39,"0",IF(AR33<=49,"4",IF(AR33<=54,"5",IF(AR33<=59,"6",IF(AR33<=69,"7",IF(AR33<=79,"8",IF(AR33<=89,"9","10")))))))) -> 9 | AU33: =IF(AP33<=17,"F",IF(AR33<=39,"F",IF(AR33<=49,"P",IF(AR33<=54,"C",IF(AR33<=59,"B",IF(AR33<=69,"B+",IF(AR33<=79,"A",IF(AR33<=89,"A+","O")))))))) -> A+ | AV33: =AS33*AT33 -> 27 | AX33: 45 | AY33: 33 | BA33: =(AX33+AY33) -> 78 | BB33: 1 | BC33: =IF(AY33<=17,"0",IF(BA33<=39,"0",IF(BA33<=49,"4",IF(BA33<=54,"5",IF(BA33<=59,"6",IF(BA33<=69,"7",IF(BA33<=79,"8",IF(BA33<=89,"9","10")))))))) -> 8 | BD33: =IF(AY33<=17,"F",IF(BA33<=39,"F",IF(BA33<=49,"P",IF(BA33<=54,"C",IF(BA33<=59,"B",IF(BA33<=69,"B+",IF(BA33<=79,"A",IF(BA33<=89,"A+","O")))))))) -> A | BE33: =BB33*BC33 -> 8 | BF33: Balake Kannada | BG33: 49 | BH33: 50 | BJ33: =(BG33+BH33) -> 99 | BK33: 1 | BL33: =IF(BH33<=17,"0",IF(BJ33<=39,"0",IF(BJ33<=49,"4",IF(BJ33<=54,"5",IF(BJ33<=59,"6",IF(BJ33<=69,"7",IF(BJ33<=79,"8",IF(BJ33<=89,"9","10")))))))) -> 10 | BM33: =IF(BH33<=17,"F",IF(BJ33<=39,"F",IF(BJ33<=49,"P",IF(BJ33<=54,"C",IF(BJ33<=59,"B",IF(BJ33<=69,"B+",IF(BJ33<=79,"A",IF(BJ33<=89,"A+","O")))))))) -> O | BN33: =BK33*BL33 -> 10 | BP33: 48 | BQ33: 40 | BS33: =(BP33+BQ33) -> 88 | BT33: 1 | BU33: =IF(BQ33<=17,"0",IF(BS33<=39,"0",IF(BS33<=49,"4",IF(BS33<=54,"5",IF(BS33<=59,"6",IF(BS33<=69,"7",IF(BS33<=79,"8",IF(BS33<=89,"9","10")))))))) -> 9 | BV33: =IF(BQ33<=17,"F",IF(BS33<=39,"F",IF(BS33<=49,"P",IF(BS33<=54,"C",IF(BS33<=59,"B",IF(BS33<=69,"B+",IF(BS33<=79,"A",IF(BS33<=89,"A+","O")))))))) -> A+ | BW33: =BT33*BU33 -> 9 | BZ33: =L33+U33+AD33+AM33+AV33+BE33+BN33+BW33 -> 176 | CA33: =BZ33/20 -> 8.8 | CB33: =IF(CA33<4,"F",IF(BV33="F","F",IF(BM33="F","F",IF(BD33="F","F",IF(AU33="F","F",IF(AL33="F","F",IF(AC33="F","F",IF(T33="F","F",IF(K33="F","F",IF(CA33<=5,"C",IF(CA33<6,"B",IF(CA33<7,"B+",IF(CA33<8,"A",IF(CA33<=9,"A+","O")))))))))))))) -> A+ | CC33: =CA33*9.5 -> 83.6 | CE33: =SUM(BS33,BJ33,BA33,AR33,AI33,Z33,Q33,H33) -> 677 | CF33: =(CE33/800)*100 -> 84.625 | CI33: =IF(CA33<=4,"F",IF(CA33<=6,"PASS",IF(CA33<=6.5,"SC",IF(CA33<=7.5,"FC",IF(CA33<="10","FCD"))))) -> FCD
A34: =A33+1 -> 63 | B34: 1BI22CD033 | C34: PRIYAM KUMARI | D34: D | E34: 45 | F34: 39 | H34: =SUM(E34:F34) -> 84 | I34: 4 | J34: =IF(F34<=17,"0",IF(H34<=39,"0",IF(H34<=49,"4",IF(H34<=54,"5",IF(H34<=59,"6",IF(H34<=69,"7",IF(H34<=79,"8",IF(H34<=89,"9","10")))))))) -> 9 | K34: =IF(F34<=17,"F",IF(H34<=39,"F",IF(H34<=49,"P",IF(H34<=54,"C",IF(H34<=59,"B",IF(H34<=69,"B+",IF(H34<=79,"A",IF(H34<=89,"A+","O")))))))) -> A+ | L34: =I34*J34 -> 36 | N34: 47 | O34: 39 | Q34: =SUM(N34:O34) -> 86 | R34: 4 | S34: =IF(O34<=17,"0",IF(Q34<=39,"4",IF(Q34<=49,"4",IF(Q34<=54,"5",IF(Q34<=59,"6",IF(Q34<=69,"7",IF(Q34<=79,"8",IF(Q34<=89,"9","10")))))))) -> 9 | T34: =IF(O34<=17,"F",IF(Q34<=39,"F",IF(Q34<=49,"P",IF(Q34<=54,"C",IF(Q34<=59,"B",IF(Q34<=69,"B+",IF(Q34<=79,"A",IF(Q34<=89,"A+","O")))))))) -> A+ | U34: =R34*S34 -> 36 | W34: 47 | X34: 30 | Z34: =SUM(W34:X34) -> 77 | AA34: 3 | AB34: =IF(X34<=17,"0",IF(Z34<=39,"0",IF(Z34<=49,"4",IF(Z34<=54,"5",IF(Z34<=59,"6",IF(Z34<=69,"7",IF(Z34<=79,"8",IF(Z34<=89,"9","10")))))))) -> 8 | AC34: =IF(X34<=17,"F",IF(Z34<=39,"F",IF(Z34<=49,"P",IF(Z34<=54,"C",IF(Z34<=59,"B",IF(Z34<=69,"B+",IF(Z34<=79,"A",IF(Z34<=89,"A+","O")))))))) -> A | AD34: =AA34*AB34 -> 24 | AF34: 44 | AG34: 32 | AI34: =SUM(AF34:AG34) -> 76 | AJ34: 3 | AK34: =IF(AG34<=17,"0",IF(AI34<=39,"0",IF(AI34<=49,"4",IF(AI34<=54,"5",IF(AI34<=59,"6",IF(AI34<=69,"7",IF(AI34<=79,"8",IF(AI34<=89,"9","10")))))))) -> 8 | AL34: =IF(AG34<=17,"F",IF(AI34<=39,"F",IF(AI34<=49,"P",IF(AI34<=54,"C",IF(AI34<=59,"B",IF(AI34<=69,"B+",IF(AI34<=79,"A",IF(AI34<=89,"A+","O")))))))) -> A | AM34: =AJ34*AK34 -> 24 | AO34: 49 | AP34: 33 | AR34: =(AO34+AP34) -> 82 | AS34: 3 | AT34: =IF(AP34<=17,"0",IF(AR34<=39,"0",IF(AR34<=49,"4",IF(AR34<=54,"5",IF(AR34<=59,"6",IF(AR34<=69,"7",IF(AR34<=79,"8",IF(AR34<=89,"9","10")))))))) -> 9 | AU34: =IF(AP34<=17,"F",IF(AR34<=39,"F",IF(AR34<=49,"P",IF(AR34<=54,"C",IF(AR34<=59,"B",IF(AR34<=69,"B+",IF(AR34<=79,"A",IF(AR34<=89,"A+","O")))))))) -> A+ | AV34: =AS34*AT34 -> 27 | AX34: 45 | AY34: 33 | BA34: =(AX34+AY34) -> 78 | BB34: 1 | BC34: =IF(AY34<=17,"0",IF(BA34<=39,"0",IF(BA34<=49,"4",IF(BA34<=54,"5",IF(BA34<=59,"6",IF(BA34<=69,"7",IF(BA34<=79,"8",IF(BA34<=89,"9","10")))))))) -> 8 | BD34: =IF(AY34<=17,"F",IF(BA34<=39,"F",IF(BA34<=49,"P",IF(BA34<=54,"C",IF(BA34<=59,"B",IF(BA34<=69,"B+",IF(BA34<=79,"A",IF(BA34<=89,"A+","O")))))))) -> A | BE34: =BB34*BC34 -> 8 | BF34: Balake Kannada | BG34: 49 | BH34: 41 | BJ34: =(BG34+BH34) -> 90 | BK34: 1 | BL34: =IF(BH34<=17,"0",IF(BJ34<=39,"0",IF(BJ34<=49,"4",IF(BJ34<=54,"5",IF(BJ34<=59,"6",IF(BJ34<=69,"7",IF(BJ34<=79,"8",IF(BJ34<=89,"9","10")))))))) -> 10 | BM34: =IF(BH34<=17,"F",IF(BJ34<=39,"F",IF(BJ34<=49,"P",IF(BJ34<=54,"C",IF(BJ34<=59,"B",IF(BJ34<=69,"B+",IF(BJ34<=79,"A",IF(BJ34<=89,"A+","O")))))))) -> O | BN34: =BK34*BL34 -> 10 | BP34: 49 | BQ34: 42 | BS34: =(BP34+BQ34) -> 91 | BT34: 1 | BU34: =IF(BQ34<=17,"0",IF(BS34<=39,"0",IF(BS34<=49,"4",IF(BS34<=54,"5",IF(BS34<=59,"6",IF(BS34<=69,"7",IF(BS34<=79,"8",IF(BS34<=89,"9","10")))))))) -> 10 | BV34: =IF(BQ34<=17,"F",IF(BS34<=39,"F",IF(BS34<=49,"P",IF(BS34<=54,"C",IF(BS34<=59,"B",IF(BS34<=69,"B+",IF(BS34<=79,"A",IF(BS34<=89,"A+","O")))))))) -> O | BW34: =BT34*BU34 -> 10 | BZ34: =L34+U34+AD34+AM34+AV34+BE34+BN34+BW34 -> 175 | CA34: =BZ34/20 -> 8.75 | CB34: =IF(CA34<4,"F",IF(BV34="F","F",IF(BM34="F","F",IF(BD34="F","F",IF(AU34="F","F",IF(AL34="F","F",IF(AC34="F","F",IF(T34="F","F",IF(K34="F","F",IF(CA34<=5,"C",IF(CA34<6,"B",IF(CA34<7,"B+",IF(CA34<8,"A",IF(CA34<=9,"A+","O")))))))))))))) -> A+ | CC34: =CA34*9.5 -> 83.125 | CE34: =SUM(BS34,BJ34,BA34,AR34,AI34,Z34,Q34,H34) -> 664 | CF34: =(CE34/800)*100 -> 83 | CI34: =IF(CA34<=4,"F",IF(CA34<=6,"PASS",IF(CA34<=6.5,"SC",IF(CA34<=7.5,"FC",IF(CA34<="10","FCD"))))) -> FCD
A35: =A34+1 -> 64 | B35: 1BI22CD038 | C35: RAVIKUMAR L | D35: D | E35: 47 | F35: 37 | H35: =SUM(E35:F35) -> 84 | I35: 4 | J35: =IF(F35<=17,"0",IF(H35<=39,"0",IF(H35<=49,"4",IF(H35<=54,"5",IF(H35<=59,"6",IF(H35<=69,"7",IF(H35<=79,"8",IF(H35<=89,"9","10")))))))) -> 9 | K35: =IF(F35<=17,"F",IF(H35<=39,"F",IF(H35<=49,"P",IF(H35<=54,"C",IF(H35<=59,"B",IF(H35<=69,"B+",IF(H35<=79,"A",IF(H35<=89,"A+","O")))))))) -> A+ | L35: =I35*J35 -> 36 | N35: 45 | O35: 29 | Q35: =SUM(N35:O35) -> 74 | R35: 4 | S35: =IF(O35<=17,"0",IF(Q35<=39,"4",IF(Q35<=49,"4",IF(Q35<=54,"5",IF(Q35<=59,"6",IF(Q35<=69,"7",IF(Q35<=79,"8",IF(Q35<=89,"9","10")))))))) -> 8 | T35: =IF(O35<=17,"F",IF(Q35<=39,"F",IF(Q35<=49,"P",IF(Q35<=54,"C",IF(Q35<=59,"B",IF(Q35<=69,"B+",IF(Q35<=79,"A",IF(Q35<=89,"A+","O")))))))) -> A | U35: =R35*S35 -> 32 | W35: 42 | X35: 47 | Z35: =SUM(W35:X35) -> 89 | AA35: 3 | AB35: =IF(X35<=17,"0",IF(Z35<=39,"0",IF(Z35<=49,"4",IF(Z35<=54,"5",IF(Z35<=59,"6",IF(Z35<=69,"7",IF(Z35<=79,"8",IF(Z35<=89,"9","10")))))))) -> 9 | AC35: =IF(X35<=17,"F",IF(Z35<=39,"F",IF(Z35<=49,"P",IF(Z35<=54,"C",IF(Z35<=59,"B",IF(Z35<=69,"B+",IF(Z35<=79,"A",IF(Z35<=89,"A+","O")))))))) -> A+ | AD35: =AA35*AB35 -> 27 | AF35: 43 | AG35: 48 | AI35: =SUM(AF35:AG35) -> 91 | AJ35: 3 | AK35: =IF(AG35<=17,"0",IF(AI35<=39,"0",IF(AI35<=49,"4",IF(AI35<=54,"5",IF(AI35<=59,"6",IF(AI35<=69,"7",IF(AI35<=79,"8",IF(AI35<=89,"9","10")))))))) -> 10 | AL35: =IF(AG35<=17,"F",IF(AI35<=39,"F",IF(AI35<=49,"P",IF(AI35<=54,"C",IF(AI35<=59,"B",IF(AI35<=69,"B+",IF(AI35<=79,"A",IF(AI35<=89,"A+","O")))))))) -> O | AM35: =AJ35*AK35 -> 30 | AO35: 46 | AP35: 26 | AR35: =(AO35+AP35) -> 72 | AS35: 3 | AT35: =IF(AP35<=17,"0",IF(AR35<=39,"0",IF(AR35<=49,"4",IF(AR35<=54,"5",IF(AR35<=59,"6",IF(AR35<=69,"7",IF(AR35<=79,"8",IF(AR35<=89,"9","10")))))))) -> 8 | AU35: =IF(AP35<=17,"F",IF(AR35<=39,"F",IF(AR35<=49,"P",IF(AR35<=54,"C",IF(AR35<=59,"B",IF(AR35<=69,"B+",IF(AR35<=79,"A",IF(AR35<=89,"A+","O")))))))) -> A | AV35: =AS35*AT35 -> 24 | AX35: 47 | AY35: 28 | BA35: =(AX35+AY35) -> 75 | BB35: 1 | BC35: =IF(AY35<=17,"0",IF(BA35<=39,"0",IF(BA35<=49,"4",IF(BA35<=54,"5",IF(BA35<=59,"6",IF(BA35<=69,"7",IF(BA35<=79,"8",IF(BA35<=89,"9","10")))))))) -> 8 | BD35: =IF(AY35<=17,"F",IF(BA35<=39,"F",IF(BA35<=49,"P",IF(BA35<=54,"C",IF(BA35<=59,"B",IF(BA35<=69,"B+",IF(BA35<=79,"A",IF(BA35<=89,"A+","O")))))))) -> A | BE35: =BB35*BC35 -> 8 | BF35: Samskrutika Kannada | BG35: 47 | BH35: 41 | BJ35: =(BG35+BH35) -> 88 | BK35: 1 | BL35: =IF(BH35<=17,"0",IF(BJ35<=39,"0",IF(BJ35<=49,"4",IF(BJ35<=54,"5",IF(BJ35<=59,"6",IF(BJ35<=69,"7",IF(BJ35<=79,"8",IF(BJ35<=89,"9","10")))))))) -> 9 | BM35: =IF(BH35<=17,"F",IF(BJ35<=39,"F",IF(BJ35<=49,"P",IF(BJ35<=54,"C",IF(BJ35<=59,"B",IF(BJ35<=69,"B+",IF(BJ35<=79,"A",IF(BJ35<=89,"A+","O")))))))) -> A+ | BN35: =BK35*BL35 -> 9 | BP35: 46 | BQ35: 43 | BS35: =(BP35+BQ35) -> 89 | BT35: 1 | BU35: =IF(BQ35<=17,"0",IF(BS35<=39,"0",IF(BS35<=49,"4",IF(BS35<=54,"5",IF(BS35<=59,"6",IF(BS35<=69,"7",IF(BS35<=79,"8",IF(BS35<=89,"9","10")))))))) -> 9 | BV35: =IF(BQ35<=17,"F",IF(BS35<=39,"F",IF(BS35<=49,"P",IF(BS35<=54,"C",IF(BS35<=59,"B",IF(BS35<=69,"B+",IF(BS35<=79,"A",IF(BS35<=89,"A+","O")))))))) -> A+ | BW35: =BT35*BU35 -> 9 | BZ35: =L35+U35+AD35+AM35+AV35+BE35+BN35+BW35 -> 175 | CA35: =BZ35/20 -> 8.75 | CB35: =IF(CA35<4,"F",IF(BV35="F","F",IF(BM35="F","F",IF(BD35="F","F",IF(AU35="F","F",IF(AL35="F","F",IF(AC35="F","F",IF(T35="F","F",IF(K35="F","F",IF(CA35<=5,"C",IF(CA35<6,"B",IF(CA35<7,"B+",IF(CA35<8,"A",IF(CA35<=9,"A+","O")))))))))))))) -> A+ | CC35: =CA35*9.5 -> 83.125 | CE35: =SUM(BS35,BJ35,BA35,AR35,AI35,Z35,Q35,H35) -> 662 | CF35: =(CE35/800)*100 -> 82.75 | CI35: =IF(CA35<=4,"F",IF(CA35<=6,"PASS",IF(CA35<=6.5,"SC",IF(CA35<=7.5,"FC",IF(CA35<="10","FCD"))))) -> FCD
A36: =A35+1 -> 65 | B36: 1BI22CD029 | C36: NITESH N | D36: D | E36: 46 | F36: 42 | H36: =SUM(E36:F36) -> 88 | I36: 4 | J36: =IF(F36<=17,"0",IF(H36<=39,"0",IF(H36<=49,"4",IF(H36<=54,"5",IF(H36<=59,"6",IF(H36<=69,"7",IF(H36<=79,"8",IF(H36<=89,"9","10")))))))) -> 9 | K36: =IF(F36<=17,"F",IF(H36<=39,"F",IF(H36<=49,"P",IF(H36<=54,"C",IF(H36<=59,"B",IF(H36<=69,"B+",IF(H36<=79,"A",IF(H36<=89,"A+","O")))))))) -> A+ | L36: =I36*J36 -> 36 | N36: 44 | O36: 32 | Q36: =SUM(N36:O36) -> 76 | R36: 4 | S36: =IF(O36<=17,"0",IF(Q36<=39,"4",IF(Q36<=49,"4",IF(Q36<=54,"5",IF(Q36<=59,"6",IF(Q36<=69,"7",IF(Q36<=79,"8",IF(Q36<=89,"9","10")))))))) -> 8 | T36: =IF(O36<=17,"F",IF(Q36<=39,"F",IF(Q36<=49,"P",IF(Q36<=54,"C",IF(Q36<=59,"B",IF(Q36<=69,"B+",IF(Q36<=79,"A",IF(Q36<=89,"A+","O")))))))) -> A | U36: =R36*S36 -> 32 | W36: 48 | X36: 43 | Z36: =SUM(W36:X36) -> 91 | AA36: 3 | AB36: =IF(X36<=17,"0",IF(Z36<=39,"0",IF(Z36<=49,"4",IF(Z36<=54,"5",IF(Z36<=59,"6",IF(Z36<=69,"7",IF(Z36<=79,"8",IF(Z36<=89,"9","10")))))))) -> 10 | AC36: =IF(X36<=17,"F",IF(Z36<=39,"F",IF(Z36<=49,"P",IF(Z36<=54,"C",IF(Z36<=59,"B",IF(Z36<=69,"B+",IF(Z36<=79,"A",IF(Z36<=89,"A+","O")))))))) -> O | AD36: =AA36*AB36 -> 30 | AF36: 40 | AG36: 40 | AI36: =SUM(AF36:AG36) -> 80 | AJ36: 3 | AK36: =IF(AG36<=17,"0",IF(AI36<=39,"0",IF(AI36<=49,"4",IF(AI36<=54,"5",IF(AI36<=59,"6",IF(AI36<=69,"7",IF(AI36<=79,"8",IF(AI36<=89,"9","10")))))))) -> 9 | AL36: =IF(AG36<=17,"F",IF(AI36<=39,"F",IF(AI36<=49,"P",IF(AI36<=54,"C",IF(AI36<=59,"B",IF(AI36<=69,"B+",IF(AI36<=79,"A",IF(AI36<=89,"A+","O")))))))) -> A+ | AM36: =AJ36*AK36 -> 27 | AO36: 48 | AP36: 30 | AR36: =(AO36+AP36) -> 78 | AS36: 3 | AT36: =IF(AP36<=17,"0",IF(AR36<=39,"0",IF(AR36<=49,"4",IF(AR36<=54,"5",IF(AR36<=59,"6",IF(AR36<=69,"7",IF(AR36<=79,"8",IF(AR36<=89,"9","10")))))))) -> 8 | AU36: =IF(AP36<=17,"F",IF(AR36<=39,"F",IF(AR36<=49,"P",IF(AR36<=54,"C",IF(AR36<=59,"B",IF(AR36<=69,"B+",IF(AR36<=79,"A",IF(AR36<=89,"A+","O")))))))) -> A | AV36: =AS36*AT36 -> 24 | AX36: 47 | AY36: 29 | BA36: =(AX36+AY36) -> 76 | BB36: 1 | BC36: =IF(AY36<=17,"0",IF(BA36<=39,"0",IF(BA36<=49,"4",IF(BA36<=54,"5",IF(BA36<=59,"6",IF(BA36<=69,"7",IF(BA36<=79,"8",IF(BA36<=89,"9","10")))))))) -> 8 | BD36: =IF(AY36<=17,"F",IF(BA36<=39,"F",IF(BA36<=49,"P",IF(BA36<=54,"C",IF(BA36<=59,"B",IF(BA36<=69,"B+",IF(BA36<=79,"A",IF(BA36<=89,"A+","O")))))))) -> A | BE36: =BB36*BC36 -> 8 | BF36: Samskrutika Kannada | BG36: 42 | BH36: 30 | BJ36: =(BG36+BH36) -> 72 | BK36: 1 | BL36: =IF(BH36<=17,"0",IF(BJ36<=39,"0",IF(BJ36<=49,"4",IF(BJ36<=54,"5",IF(BJ36<=59,"6",IF(BJ36<=69,"7",IF(BJ36<=79,"8",IF(BJ36<=89,"9","10")))))))) -> 8 | BM36: =IF(BH36<=17,"F",IF(BJ36<=39,"F",IF(BJ36<=49,"P",IF(BJ36<=54,"C",IF(BJ36<=59,"B",IF(BJ36<=69,"B+",IF(BJ36<=79,"A",IF(BJ36<=89,"A+","O")))))))) -> A | BN36: =BK36*BL36 -> 8 | BP36: 46 | BQ36: 37 | BS36: =(BP36+BQ36) -> 83 | BT36: 1 | BU36: =IF(BQ36<=17,"0",IF(BS36<=39,"0",IF(BS36<=49,"4",IF(BS36<=54,"5",IF(BS36<=59,"6",IF(BS36<=69,"7",IF(BS36<=79,"8",IF(BS36<=89,"9","10")))))))) -> 9 | BV36: =IF(BQ36<=17,"F",IF(BS36<=39,"F",IF(BS36<=49,"P",IF(BS36<=54,"C",IF(BS36<=59,"B",IF(BS36<=69,"B+",IF(BS36<=79,"A",IF(BS36<=89,"A+","O")))))))) -> A+ | BW36: =BT36*BU36 -> 9 | BZ36: =L36+U36+AD36+AM36+AV36+BE36+BN36+BW36 -> 174 | CA36: =BZ36/20 -> 8.7 | CB36: =IF(CA36<4,"F",IF(BV36="F","F",IF(BM36="F","F",IF(BD36="F","F",IF(AU36="F","F",IF(AL36="F","F",IF(AC36="F","F",IF(T36="F","F",IF(K36="F","F",IF(CA36<=5,"C",IF(CA36<6,"B",IF(CA36<7,"B+",IF(CA36<8,"A",IF(CA36<=9,"A+","O")))))))))))))) -> A+ | CC36: =CA36*9.5 -> 82.65 | CE36: =SUM(BS36,BJ36,BA36,AR36,AI36,Z36,Q36,H36) -> 644 | CF36: =(CE36/800)*100 -> 80.5 | CI36: =IF(CA36<=4,"F",IF(CA36<=6,"PASS",IF(CA36<=6.5,"SC",IF(CA36<=7.5,"FC",IF(CA36<="10","FCD"))))) -> FCD
A37: =A36+1 -> 66 | B37: 1BI22CD042 | C37: SAHANA H R | D37: D | E37: 45 | F37: 28 | H37: =SUM(E37:F37) -> 73 | I37: 4 | J37: =IF(F37<=17,"0",IF(H37<=39,"0",IF(H37<=49,"4",IF(H37<=54,"5",IF(H37<=59,"6",IF(H37<=69,"7",IF(H37<=79,"8",IF(H37<=89,"9","10")))))))) -> 8 | K37: =IF(F37<=17,"F",IF(H37<=39,"F",IF(H37<=49,"P",IF(H37<=54,"C",IF(H37<=59,"B",IF(H37<=69,"B+",IF(H37<=79,"A",IF(H37<=89,"A+","O")))))))) -> A | L37: =I37*J37 -> 32 | N37: 47 | O37: 31 | Q37: =SUM(N37:O37) -> 78 | R37: 4 | S37: =IF(O37<=17,"0",IF(Q37<=39,"4",IF(Q37<=49,"4",IF(Q37<=54,"5",IF(Q37<=59,"6",IF(Q37<=69,"7",IF(Q37<=79,"8",IF(Q37<=89,"9","10")))))))) -> 8 | T37: =IF(O37<=17,"F",IF(Q37<=39,"F",IF(Q37<=49,"P",IF(Q37<=54,"C",IF(Q37<=59,"B",IF(Q37<=69,"B+",IF(Q37<=79,"A",IF(Q37<=89,"A+","O")))))))) -> A | U37: =R37*S37 -> 32 | W37: 43 | X37: 48 | Z37: =SUM(W37:X37) -> 91 | AA37: 3 | AB37: =IF(X37<=17,"0",IF(Z37<=39,"0",IF(Z37<=49,"4",IF(Z37<=54,"5",IF(Z37<=59,"6",IF(Z37<=69,"7",IF(Z37<=79,"8",IF(Z37<=89,"9","10")))))))) -> 10 | AC37: =IF(X37<=17,"F",IF(Z37<=39,"F",IF(Z37<=49,"P",IF(Z37<=54,"C",IF(Z37<=59,"B",IF(Z37<=69,"B+",IF(Z37<=79,"A",IF(Z37<=89,"A+","O")))))))) -> O | AD37: =AA37*AB37 -> 30 | AF37: 43 | AG37: 38 | AI37: =SUM(AF37:AG37) -> 81 | AJ37: 3 | AK37: =IF(AG37<=17,"0",IF(AI37<=39,"0",IF(AI37<=49,"4",IF(AI37<=54,"5",IF(AI37<=59,"6",IF(AI37<=69,"7",IF(AI37<=79,"8",IF(AI37<=89,"9","10")))))))) -> 9 | AL37: =IF(AG37<=17,"F",IF(AI37<=39,"F",IF(AI37<=49,"P",IF(AI37<=54,"C",IF(AI37<=59,"B",IF(AI37<=69,"B+",IF(AI37<=79,"A",IF(AI37<=89,"A+","O")))))))) -> A+ | AM37: =AJ37*AK37 -> 27 | AO37: 46 | AP37: 36 | AR37: =(AO37+AP37) -> 82 | AS37: 3 | AT37: =IF(AP37<=17,"0",IF(AR37<=39,"0",IF(AR37<=49,"4",IF(AR37<=54,"5",IF(AR37<=59,"6",IF(AR37<=69,"7",IF(AR37<=79,"8",IF(AR37<=89,"9","10")))))))) -> 9 | AU37: =IF(AP37<=17,"F",IF(AR37<=39,"F",IF(AR37<=49,"P",IF(AR37<=54,"C",IF(AR37<=59,"B",IF(AR37<=69,"B+",IF(AR37<=79,"A",IF(AR37<=89,"A+","O")))))))) -> A+ | AV37: =AS37*AT37 -> 27 | AX37: 45 | AY37: 30 | BA37: =(AX37+AY37) -> 75 | BB37: 1 | BC37: =IF(AY37<=17,"0",IF(BA37<=39,"0",IF(BA37<=49,"4",IF(BA37<=54,"5",IF(BA37<=59,"6",IF(BA37<=69,"7",IF(BA37<=79,"8",IF(BA37<=89,"9","10")))))))) -> 8 | BD37: =IF(AY37<=17,"F",IF(BA37<=39,"F",IF(BA37<=49,"P",IF(BA37<=54,"C",IF(BA37<=59,"B",IF(BA37<=69,"B+",IF(BA37<=79,"A",IF(BA37<=89,"A+","O")))))))) -> A | BE37: =BB37*BC37 -> 8 | BF37: Samskrutika Kannada | BG37: 47 | BH37: 33 | BJ37: =(BG37+BH37) -> 80 | BK37: 1 | BL37: =IF(BH37<=17,"0",IF(BJ37<=39,"0",IF(BJ37<=49,"4",IF(BJ37<=54,"5",IF(BJ37<=59,"6",IF(BJ37<=69,"7",IF(BJ37<=79,"8",IF(BJ37<=89,"9","10")))))))) -> 9 | BM37: =IF(BH37<=17,"F",IF(BJ37<=39,"F",IF(BJ37<=49,"P",IF(BJ37<=54,"C",IF(BJ37<=59,"B",IF(BJ37<=69,"B+",IF(BJ37<=79,"A",IF(BJ37<=89,"A+","O")))))))) -> A+ | BN37: =BK37*BL37 -> 9 | BP37: 45 | BQ37: 38 | BS37: =(BP37+BQ37) -> 83 | BT37: 1 | BU37: =IF(BQ37<=17,"0",IF(BS37<=39,"0",IF(BS37<=49,"4",IF(BS37<=54,"5",IF(BS37<=59,"6",IF(BS37<=69,"7",IF(BS37<=79,"8",IF(BS37<=89,"9","10")))))))) -> 9 | BV37: =IF(BQ37<=17,"F",IF(BS37<=39,"F",IF(BS37<=49,"P",IF(BS37<=54,"C",IF(BS37<=59,"B",IF(BS37<=69,"B+",IF(BS37<=79,"A",IF(BS37<=89,"A+","O")))))))) -> A+ | BW37: =BT37*BU37 -> 9 | BZ37: =L37+U37+AD37+AM37+AV37+BE37+BN37+BW37 -> 174 | CA37: =BZ37/20 -> 8.7 | CB37: =IF(CA37<4,"F",IF(BV37="F","F",IF(BM37="F","F",IF(BD37="F","F",IF(AU37="F","F",IF(AL37="F","F",IF(AC37="F","F",IF(T37="F","F",IF(K37="F","F",IF(CA37<=5,"C",IF(CA37<6,"B",IF(CA37<7,"B+",IF(CA37<8,"A",IF(CA37<=9,"A+","O")))))))))))))) -> A+ | CC37: =CA37*9.5 -> 82.65 | CE37: =SUM(BS37,BJ37,BA37,AR37,AI37,Z37,Q37,H37) -> 643 | CF37: =(CE37/800)*100 -> 80.375 | CI37: =IF(CA37<=4,"F",IF(CA37<=6,"PASS",IF(CA37<=6.5,"SC",IF(CA37<=7.5,"FC",IF(CA37<="10","FCD"))))) -> FCD
A38: =A37+1 -> 67 | B38: 1BI22CD007 | C38: BHUMIKA P | D38: D | E38: 41 | F38: 29 | H38: =SUM(E38:F38) -> 70 | I38: 4 | J38: =IF(F38<=17,"0",IF(H38<=39,"0",IF(H38<=49,"4",IF(H38<=54,"5",IF(H38<=59,"6",IF(H38<=69,"7",IF(H38<=79,"8",IF(H38<=89,"9","10")))))))) -> 8 | K38: =IF(F38<=17,"F",IF(H38<=39,"F",IF(H38<=49,"P",IF(H38<=54,"C",IF(H38<=59,"B",IF(H38<=69,"B+",IF(H38<=79,"A",IF(H38<=89,"A+","O")))))))) -> A | L38: =I38*J38 -> 32 | N38: 45 | O38: 38 | Q38: =SUM(N38:O38) -> 83 | R38: 4 | S38: =IF(O38<=17,"0",IF(Q38<=39,"4",IF(Q38<=49,"4",IF(Q38<=54,"5",IF(Q38<=59,"6",IF(Q38<=69,"7",IF(Q38<=79,"8",IF(Q38<=89,"9","10")))))))) -> 9 | T38: =IF(O38<=17,"F",IF(Q38<=39,"F",IF(Q38<=49,"P",IF(Q38<=54,"C",IF(Q38<=59,"B",IF(Q38<=69,"B+",IF(Q38<=79,"A",IF(Q38<=89,"A+","O")))))))) -> A+ | U38: =R38*S38 -> 36 | W38: 45 | X38: 46 | Z38: =SUM(W38:X38) -> 91 | AA38: 3 | AB38: =IF(X38<=17,"0",IF(Z38<=39,"0",IF(Z38<=49,"4",IF(Z38<=54,"5",IF(Z38<=59,"6",IF(Z38<=69,"7",IF(Z38<=79,"8",IF(Z38<=89,"9","10")))))))) -> 10 | AC38: =IF(X38<=17,"F",IF(Z38<=39,"F",IF(Z38<=49,"P",IF(Z38<=54,"C",IF(Z38<=59,"B",IF(Z38<=69,"B+",IF(Z38<=79,"A",IF(Z38<=89,"A+","O")))))))) -> O | AD38: =AA38*AB38 -> 30 | AF38: 40 | AG38: 42 | AI38: =SUM(AF38:AG38) -> 82 | AJ38: 3 | AK38: =IF(AG38<=17,"0",IF(AI38<=39,"0",IF(AI38<=49,"4",IF(AI38<=54,"5",IF(AI38<=59,"6",IF(AI38<=69,"7",IF(AI38<=79,"8",IF(AI38<=89,"9","10")))))))) -> 9 | AL38: =IF(AG38<=17,"F",IF(AI38<=39,"F",IF(AI38<=49,"P",IF(AI38<=54,"C",IF(AI38<=59,"B",IF(AI38<=69,"B+",IF(AI38<=79,"A",IF(AI38<=89,"A+","O")))))))) -> A+ | AM38: =AJ38*AK38 -> 27 | AO38: 48 | AP38: 29 | AR38: =(AO38+AP38) -> 77 | AS38: 3 | AT38: =IF(AP38<=17,"0",IF(AR38<=39,"0",IF(AR38<=49,"4",IF(AR38<=54,"5",IF(AR38<=59,"6",IF(AR38<=69,"7",IF(AR38<=79,"8",IF(AR38<=89,"9","10")))))))) -> 8 | AU38: =IF(AP38<=17,"F",IF(AR38<=39,"F",IF(AR38<=49,"P",IF(AR38<=54,"C",IF(AR38<=59,"B",IF(AR38<=69,"B+",IF(AR38<=79,"A",IF(AR38<=89,"A+","O")))))))) -> A | AV38: =AS38*AT38 -> 24 | AX38: 46 | AY38: 30 | BA38: =(AX38+AY38) -> 76 | BB38: 1 | BC38: =IF(AY38<=17,"0",IF(BA38<=39,"0",IF(BA38<=49,"4",IF(BA38<=54,"5",IF(BA38<=59,"6",IF(BA38<=69,"7",IF(BA38<=79,"8",IF(BA38<=89,"9","10")))))))) -> 8 | BD38: =IF(AY38<=17,"F",IF(BA38<=39,"F",IF(BA38<=49,"P",IF(BA38<=54,"C",IF(BA38<=59,"B",IF(BA38<=69,"B+",IF(BA38<=79,"A",IF(BA38<=89,"A+","O")))))))) -> A | BE38: =BB38*BC38 -> 8 | BF38: Samskrutika Kannada | BG38: 44 | BH38: 32 | BJ38: =(BG38+BH38) -> 76 | BK38: 1 | BL38: =IF(BH38<=17,"0",IF(BJ38<=39,"0",IF(BJ38<=49,"4",IF(BJ38<=54,"5",IF(BJ38<=59,"6",IF(BJ38<=69,"7",IF(BJ38<=79,"8",IF(BJ38<=89,"9","10")))))))) -> 8 | BM38: =IF(BH38<=17,"F",IF(BJ38<=39,"F",IF(BJ38<=49,"P",IF(BJ38<=54,"C",IF(BJ38<=59,"B",IF(BJ38<=69,"B+",IF(BJ38<=79,"A",IF(BJ38<=89,"A+","O")))))))) -> A | BN38: =BK38*BL38 -> 8 | BP38: 48 | BQ38: 39 | BS38: =(BP38+BQ38) -> 87 | BT38: 1 | BU38: =IF(BQ38<=17,"0",IF(BS38<=39,"0",IF(BS38<=49,"4",IF(BS38<=54,"5",IF(BS38<=59,"6",IF(BS38<=69,"7",IF(BS38<=79,"8",IF(BS38<=89,"9","10")))))))) -> 9 | BV38: =IF(BQ38<=17,"F",IF(BS38<=39,"F",IF(BS38<=49,"P",IF(BS38<=54,"C",IF(BS38<=59,"B",IF(BS38<=69,"B+",IF(BS38<=79,"A",IF(BS38<=89,"A+","O")))))))) -> A+ | BW38: =BT38*BU38 -> 9 | BZ38: =L38+U38+AD38+AM38+AV38+BE38+BN38+BW38 -> 174 | CA38: =BZ38/20 -> 8.7 | CB38: =IF(CA38<4,"F",IF(BV38="F","F",IF(BM38="F","F",IF(BD38="F","F",IF(AU38="F","F",IF(AL38="F","F",IF(AC38="F","F",IF(T38="F","F",IF(K38="F","F",IF(CA38<=5,"C",IF(CA38<6,"B",IF(CA38<7,"B+",IF(CA38<8,"A",IF(CA38<=9,"A+","O")))))))))))))) -> A+ | CC38: =CA38*9.5 -> 82.65 | CE38: =SUM(BS38,BJ38,BA38,AR38,AI38,Z38,Q38,H38) -> 642 | CF38: =(CE38/800)*100 -> 80.25 | CI38: =IF(CA38<=4,"F",IF(CA38<=6,"PASS",IF(CA38<=6.5,"SC",IF(CA38<=7.5,"FC",IF(CA38<="10","FCD"))))) -> FCD
